templateID,replyToAddress,userID,dateModified,fromAddress,deliveryType,subject,dateAdded,campaignIDs,clicks,uniqueViews,bounces,forwards,recipients,uniqueForwards,clickToViewRate,sendingIssues,webViews,complaints,shares,uniqueClicks,unsubscribes,uniqueWebViews,views,uniqueShares,parentEmailID,status,dateScheduled,confirmed,abSplitID,fromName,emailID,replyToName,title,dateSent
5190,"marketing@greers.com",34724,"2024-01-02T22:33:06","marketing@greers.com","Manual","How did we do? Complete our survey for a chance to win FREE groceries!","2024-01-02T22:32:35","",16,20,0,0,135,0,0.8,0,0,0,0,15,0,0,26,0,"","Sent","",0,"","Greer's",42265357,"Greer's","Online Shopping Survey - 1.2.24","2024-01-02T22:33:07"
13681,"marketing@greers.com",29856,"2024-01-02T21:42:27","marketing@greers.com","Manual","🍎 Fresh and Healthy Choices every day at Greer's","2024-01-02T16:57:43","",20,82,0,0,467,0,0.2,0,0,0,0,16,0,0,96,0,"","Sent","",0,"","Greers",42260576,"Greers","1.3.24 Email Update for MS CashSavers","2024-01-04T16:00:00"
13681,"marketing@greers.com",29856,"2024-01-02T21:45:47","marketing@greers.com","Manual","🍎 Fresh and Healthy Choices every day at Greer's","2024-01-02T16:59:50","",5,25,1,0,180,0,0.2,0,0,0,0,5,0,0,32,0,"","Sent","",0,"","Greers",42260599,"Greers","1.3.24 Email Update for Fairhope","2024-01-04T16:00:00"
13681,"marketing@greers.com",29856,"2024-01-02T21:46:33","marketing@greers.com","Manual","🍎 Fresh and Healthy Choices every day at Greer's","2024-01-02T17:02:13","",8,25,1,0,162,0,0.2,0,0,0,0,6,0,0,36,0,"","Sent","",0,"","Greers",42260665,"Greers","1.3.24 Email Update for Greer's St. Louis Market","2024-01-04T16:00:00"
13681,"marketing@greers.com",29856,"2024-01-02T21:44:43","marketing@greers.com","Manual","🍎 Fresh and Healthy Choices every day at Greer's","2024-01-02T17:02:53","",3,20,3,0,138,0,0.1,0,0,0,0,2,0,0,26,0,"","Sent","",0,"","Greers",42260672,"Greers","1.3.24 Email Update for Dauphin Island Parkway","2024-01-04T16:00:01"
13681,"marketing@greers.com",29856,"2024-01-02T21:43:49","marketing@greers.com","Manual","🍎 Fresh and Healthy Choices every day at Greer's","2024-01-02T17:03:27","",8,26,1,0,195,0,0.3,0,0,0,0,7,0,0,39,0,"","Sent","",0,"","Greers",42260682,"Greers","1.3.24 Email Update for Hurley & Jay","2024-01-04T16:00:01"
13681,"marketing@greers.com",29856,"2024-01-02T21:41:46","marketing@greers.com","Manual","🍎 Fresh and Healthy Choices every day at Greer's","2024-01-02T17:03:59","",15,77,2,0,564,0,0.2,0,0,0,0,15,0,0,95,0,"","Sent","",0,"","Greers",42260687,"Greers","1.3.24 Email Update for FL CashSavers","2024-01-04T16:00:01"
13681,"marketing@greers.com",29856,"2024-01-02T21:43:08","marketing@greers.com","Manual","🍎 Fresh and Healthy Choices every day at Greer's","2024-01-02T17:04:34","",56,185,8,0,2066,0,0.3,0,0,0,0,48,1,0,244,0,"","Sent","",0,"","Greers",42260694,"Greers","1.3.24 Email Update for AL CashSavers","2024-01-04T16:00:02"
5190,"marketing@greers.com",34724,"2024-01-09T16:10:21","marketing@greers.com","Manual","How did we do? Complete our survey for a chance to win FREE groceries!","2024-01-09T16:09:51","",16,19,1,0,113,0,0.7,0,1,0,0,13,0,1,28,0,"","Sent","",0,"","Greer's",42330557,"Greer's","Online Shopping Survey - 1.9.24","2024-01-09T16:10:22"
13681,"marketing@greers.com",29856,"2024-01-10T14:35:51","marketing@greers.com","Manual","Guaranteed fresh every day","2024-01-09T16:25:39","",67,305,6,0,2067,0,0.2,0,0,0,0,56,1,0,379,0,"","Sent","",0,"","Greers",42330771,"Greers","1.10.24 Email Update for AL CashSavers","2024-01-11T16:00:01"
13681,"marketing@greers.com",29856,"2024-01-10T14:35:05","marketing@greers.com","Manual","Guaranteed fresh every day","2024-01-09T16:25:49","",12,93,3,0,564,0,0.1,0,0,0,0,11,0,0,109,0,"","Sent","",0,"","Greers",42330777,"Greers","1.10.24 Email Update for FL CashSavers","2024-01-11T16:00:01"
13681,"marketing@greers.com",29856,"2024-01-10T14:37:05","marketing@greers.com","Manual","Guaranteed fresh every day","2024-01-09T16:26:05","",21,108,1,0,467,0,0.2,0,0,0,0,18,0,0,123,0,"","Sent","",0,"","Greers",42330787,"Greers","1.10.24 Email Update for MS CashSavers","2024-01-11T16:00:01"
13681,"marketing@greers.com",29856,"2024-01-10T14:38:16","marketing@greers.com","Manual","Guaranteed fresh every day","2024-01-09T16:26:14","",4,20,1,0,181,0,0.1,0,0,0,0,2,1,0,22,0,"","Sent","",0,"","Greers",42330790,"Greers","1.10.24 Email Update for Fairhope","2024-01-11T16:00:02"
13681,"marketing@greers.com",29856,"2024-01-10T14:39:58","marketing@greers.com","Manual","Guaranteed fresh every day","2024-01-09T16:26:27","",11,43,0,0,161,0,0.1,0,0,0,0,5,0,0,98,0,"","Sent","",0,"","Greers",42330795,"Greers","1.10.24 Email Update for Greer's St. Louis Market","2024-01-11T16:00:02"
13681,"marketing@greers.com",29856,"2024-01-10T14:42:42","marketing@greers.com","Manual","Guaranteed fresh every day","2024-01-09T16:26:35","",4,18,3,0,138,0,0.2,0,0,0,0,4,0,0,26,0,"","Sent","",0,"","Greers",42330798,"Greers","1.10.24 Email Update for Dauphin Island Parkway","2024-01-11T16:00:02"
13681,"marketing@greers.com",29856,"2024-01-10T14:43:38","marketing@greers.com","Manual","Guaranteed fresh every day","2024-01-09T16:26:43","",8,34,1,0,195,0,0.2,0,0,0,0,8,0,0,63,0,"","Sent","",0,"","Greers",42330800,"Greers","1.10.24 Email Update for Hurley & Jay","2024-01-11T16:00:02"
13681,"marketing@greers.com",34724,"2023-12-29T01:36:29","marketing@greers.com","Manual","Your Deliciously Achievable Wellness Goals with Lean Cuisine","2023-12-29T01:29:07","",4,247,10,0,3465,0,0,0,0,0,0,4,12,0,302,0,"","Sent","",0,"","AWG Marketing",42227086,"AWG Marketing","1.2.24  Nestle USA - Lean Cuisine","2024-01-12T16:00:02"
13681,"marketing@greers.com",29856,"2024-01-17T15:50:07","marketing@greers.com","Manual","Catch these Mardi Gras savings","2024-01-16T16:36:17","",4,27,1,0,195,0,0.1,0,0,0,0,3,0,0,41,0,"","Sent","",0,"","Greers",42415904,"Greers","1.17.24 Email Update for Hurley & Jay","2024-01-18T16:00:00"
13681,"marketing@greers.com",29856,"2024-01-17T15:49:17","marketing@greers.com","Manual","Catch these Mardi Gras savings","2024-01-16T16:36:46","",3,18,3,0,139,0,0.1,0,0,0,0,2,0,0,31,0,"","Sent","",0,"","Greers",42415915,"Greers","1.17.24 Email Update for Dauphin Island Parkway","2024-01-18T16:00:00"
13681,"marketing@greers.com",29856,"2024-01-17T15:51:50","marketing@greers.com","Manual","Catch these Mardi Gras savings","2024-01-16T16:37:08","",2,19,1,0,179,0,0.1,0,0,0,0,2,0,0,25,0,"","Sent","",0,"","Greers",42415922,"Greers","1.17.24 Email Update for Fairhope","2024-01-18T16:00:01"
13681,"marketing@greers.com",29856,"2024-01-17T15:46:17","marketing@greers.com","Manual","Catch these Mardi Gras savings","2024-01-16T16:37:17","",21,49,2,0,465,0,0.4,0,0,0,0,18,0,0,69,0,"","Sent","",0,"","Greers",42415924,"Greers","1.17.24 Email Update for MS CashSavers","2024-01-18T16:00:01"
13681,"marketing@greers.com",29856,"2024-01-17T15:48:01","marketing@greers.com","Manual","Catch these Mardi Gras savings","2024-01-16T16:37:27","",13,62,3,0,566,0,0.2,0,0,0,0,12,0,0,77,0,"","Sent","",0,"","Greers",42415925,"Greers","1.17.24 Email Update for FL CashSavers","2024-01-18T16:00:01"
13681,"marketing@greers.com",29856,"2024-01-17T15:47:04","marketing@greers.com","Manual","Catch these Mardi Gras savings","2024-01-16T16:37:34","",74,185,6,0,2057,0,0.4,0,0,0,0,65,1,0,255,0,"","Sent","",0,"","Greers",42415929,"Greers","1.17.24 Email Update for AL CashSavers","2024-01-18T16:00:01"
13681,"marketing@greers.com",29856,"2024-01-17T15:48:38","marketing@greers.com","Manual","Catch these Mardi Gras savings","2024-01-16T16:37:45","",14,35,0,0,161,0,0.2,0,0,0,0,7,0,0,103,0,"","Sent","",0,"","Greers",42415930,"Greers","1.17.24 Email Update for Greer's St. Louis Market","2024-01-18T16:00:01"
5190,"marketing@greers.com",34724,"2024-01-19T15:07:27","marketing@greers.com","Manual","How did we do? Complete our survey for a chance to win FREE groceries!","2024-01-19T15:06:38","",15,28,0,0,182,0,0.5,0,0,0,0,15,0,0,34,0,"","Sent","",0,"","Greer's",42448852,"Greer's","Online Shopping Survey - 1.19.24","2024-01-19T15:07:30"
5190,"marketing@greers.com",34724,"2024-01-24T17:47:52","marketing@greers.com","Manual","How did we do? Complete our survey for a chance to win FREE groceries!","2024-01-24T17:47:15","",6,15,0,0,86,0,0.4,0,0,0,0,6,0,0,16,0,"","Sent","",0,"","Greer's",42492155,"Greer's","Online Shopping Survey - 1.24.24","2024-01-24T17:47:53"
13681,"marketing@greers.com",29856,"2024-01-25T15:39:11","marketing@greers.com","Manual","🎉 Get ready to party","2024-01-23T20:25:35","",10,33,0,0,161,0,0.2,0,0,0,0,5,0,0,114,0,"","Sent","",0,"","Greers",42483310,"Greers","1.24.24 Email Update for Greer's St. Louis Market","2024-01-25T16:00:04"
13681,"marketing@greers.com",29856,"2024-01-25T15:43:24","marketing@greers.com","Manual","🎉 Get ready to party","2024-01-23T20:26:09","",63,344,4,0,2055,0,0.1,0,0,0,0,49,0,0,431,0,"","Sent","",0,"","Greers",42483319,"Greers","1.24.24 Email Update for AL CashSavers","2024-01-25T16:00:04"
13681,"marketing@greers.com",29856,"2024-01-25T15:23:11","marketing@greers.com","Manual","🎉 Get ready to party","2024-01-23T20:26:17","",22,93,3,0,565,0,0.2,0,0,0,0,19,0,0,113,0,"","Sent","",0,"","Greers",42483320,"Greers","1.24.24 Email Update for FL CashSavers","2024-01-25T16:00:05"
13681,"marketing@greers.com",29856,"2024-01-25T15:46:34","marketing@greers.com","Manual","🎉 Get ready to party","2024-01-23T20:26:26","",19,85,1,0,468,0,0.2,0,0,0,0,18,0,0,104,0,"","Sent","",0,"","Greers",42483321,"Greers","1.24.24 Email Update for MS CashSavers","2024-01-25T16:00:05"
13681,"marketing@greers.com",29856,"2024-01-25T15:20:26","marketing@greers.com","Manual","🎉 Get ready to party","2024-01-23T20:26:40","",3,22,1,0,180,0,0.1,0,0,0,0,3,0,0,32,0,"","Sent","",0,"","Greers",42483325,"Greers","1.24.24 Email Update for Fairhope","2024-01-25T16:00:05"
13681,"marketing@greers.com",29856,"2024-01-25T15:49:29","marketing@greers.com","Manual","🎉 Get ready to party","2024-01-23T20:26:47","",4,20,3,0,139,0,0.2,0,0,0,0,3,0,0,29,0,"","Sent","",0,"","Greers",42483326,"Greers","1.24.24 Email Update for Dauphin Island Parkway","2024-01-25T16:00:06"
13681,"marketing@greers.com",29856,"2024-01-25T15:21:55","marketing@greers.com","Manual","🎉 Get ready to party","2024-01-23T20:26:54","",10,32,1,0,195,0,0.2,0,0,0,0,7,0,0,53,0,"","Sent","",0,"","Greers",42483328,"Greers","1.24.24 Email Update for Hurley & Jay","2024-01-25T16:00:06"
13681,"marketing@greers.com",29856,"2024-01-19T22:46:54","marketing@greers.com","Manual","15 grams of protein never tasted so good","2024-01-19T22:36:50","",0,0,0,0,19,0,0,0,0,0,0,0,0,0,0,0,"","Sent","",0,"","AWG Marketing",42454027,"AWG Marketing","1.30.24 Yoplait Protein","2024-01-30T12:00:07"
5190,"marketing@greers.com",34724,"2024-01-31T19:49:20","marketing@greers.com","Manual","How did we do? Complete our survey for a chance to win FREE groceries!","2024-01-31T19:48:49","",12,23,3,0,103,0,0.5,0,0,0,0,12,0,0,28,0,"","Sent","",0,"","Greer's",42563949,"Greer's","Online Shopping Survey - 1.31.24","2024-01-31T19:49:21"
13681,"marketing@greers.com",29856,"2024-01-31T17:19:44","marketing@greers.com","Manual","What is your party favorite?","2024-01-26T22:37:24","",7,23,1,0,195,0,0.3,0,0,0,0,6,0,0,44,0,"","Sent","",0,"","Greers",42518781,"Greers","1.31.24 Email Update for Hurley & Jay","2024-02-01T16:00:01"
13681,"marketing@greers.com",29856,"2024-01-31T17:19:06","marketing@greers.com","Manual","What is your party favorite?","2024-01-26T22:37:33","",4,20,3,0,139,0,0.1,0,0,0,0,2,0,0,28,0,"","Sent","",0,"","Greers",42518787,"Greers","1.31.24 Email Update for Dauphin Island Parkway","2024-02-01T16:00:01"
13681,"marketing@greers.com",29856,"2024-01-31T17:15:00","marketing@greers.com","Manual","What is your party favorite?","2024-01-26T22:37:44","",1,20,1,0,180,0,0.1,0,0,0,0,1,0,0,24,0,"","Sent","",0,"","Greers",42518789,"Greers","1.31.24 Email Update for Fairhope","2024-02-01T16:00:01"
13681,"marketing@greers.com",29856,"2024-01-31T17:11:51","marketing@greers.com","Manual","What is your party favorite?","2024-01-26T22:37:53","",16,80,0,0,468,0,0.2,0,0,0,0,14,0,0,88,0,"","Sent","",0,"","Greers",42518790,"Greers","1.31.24 Email Update for MS CashSavers","2024-02-01T16:00:02"
13681,"marketing@greers.com",29856,"2024-01-31T17:12:35","marketing@greers.com","Manual","What is your party favorite?","2024-01-26T22:38:00","",16,79,3,0,567,0,0.2,0,0,0,0,15,0,0,90,0,"","Sent","",0,"","Greers",42518793,"Greers","1.31.24 Email Update for FL CashSavers","2024-02-01T16:00:02"
13681,"marketing@greers.com",29856,"2024-01-31T17:13:19","marketing@greers.com","Manual","What is your party favorite?","2024-01-26T22:38:10","",61,333,4,0,2063,0,0.2,0,0,0,0,51,0,0,414,0,"","Sent","",0,"","Greers",42518796,"Greers","1.31.24 Email Update for AL CashSavers","2024-02-01T16:00:03"
13681,"marketing@greers.com",29856,"2024-01-31T17:18:19","marketing@greers.com","Manual","What is your party favorite?","2024-01-26T22:38:20","",8,32,0,0,161,0,0.2,0,0,0,0,5,1,0,103,0,"","Sent","",0,"","Greers",42518800,"Greers","1.31.24 Email Update for Greer's St. Louis Market","2024-02-01T16:00:03"
5190,"marketing@greers.com",34724,"2024-02-05T19:55:34","marketing@greers.com","Manual","How did we do? Complete our survey for a chance to win FREE groceries!","2024-02-05T19:54:39","",9,15,0,0,94,0,0.5,0,0,0,0,7,0,0,23,0,"","Sent","",0,"","Greer's",42605792,"Greer's","Online Shopping Survey - 2.5.24","2024-02-05T19:55:35"
13681,"marketing@greers.com",29856,"2024-02-05T19:45:41","marketing@greers.com","Manual","The pink orange","2024-02-05T19:41:37","",16,270,8,0,3339,0,0.1,0,0,0,0,14,6,0,305,0,"","Sent","",0,"","AWG Marketing",42605626,"AWG Marketing","2.6.24  Sunkist Cara Cara","2024-02-06T12:00:02"
13681,"marketing@greers.com",29856,"2024-02-05T19:59:13","marketing@greers.com","Manual","Wanna play host without missing a play?","2024-02-05T19:55:27","",4,203,7,0,3333,0,0,0,0,0,0,3,5,0,228,0,"","Sent","",0,"","AWG Marketing",42605815,"AWG Marketing","2.8.24 KH Super Bowl","2024-02-08T12:00:02"
13681,"marketing@greers.com",29856,"2024-02-06T15:34:42","marketing@greers.com","Manual","🟢🟡🟣  Whatever you're celebrating 🏈 Greer's Got It! ❤️","2024-02-02T17:04:28","",10,39,0,0,160,0,0.1,0,0,0,0,5,0,0,113,0,"","Sent","",0,"","Greers",42580631,"Greers","2.7.24 Email Update for Greer's St. Louis Market","2024-02-08T16:00:00"
13681,"marketing@greers.com",29856,"2024-02-06T15:45:08","marketing@greers.com","Manual","🟢🟡🟣  Whatever you're celebrating 🏈 Greer's Got It! ❤️","2024-02-02T17:04:37","",60,214,5,0,2060,0,0.2,0,0,0,0,51,0,0,280,0,"","Sent","",0,"","Greers",42580636,"Greers","2.7.24 Email Update for AL CashSavers","2024-02-08T16:00:00"
13681,"marketing@greers.com",29856,"2024-02-06T15:45:56","marketing@greers.com","Manual","🟢🟡🟣  Whatever you're celebrating 🏈 Greer's Got It! ❤️","2024-02-02T17:04:48","",14,53,3,0,566,0,0.2,0,0,0,0,12,0,0,68,0,"","Sent","",0,"","Greers",42580637,"Greers","2.7.24 Email Update for FL CashSavers","2024-02-08T16:00:01"
13681,"marketing@greers.com",29856,"2024-02-06T15:46:52","marketing@greers.com","Manual","🟢🟡🟣  Whatever you're celebrating 🏈 Greer's Got It! ❤️","2024-02-02T17:05:09","",18,55,1,0,468,0,0.3,0,0,0,0,15,0,0,74,0,"","Sent","",0,"","Greers",42580639,"Greers","2.7.24 Email Update for MS CashSavers","2024-02-08T16:00:01"
13681,"marketing@greers.com",29856,"2024-02-06T16:20:53","marketing@greers.com","Manual","🟢🟡🟣  Whatever you're celebrating 🏈 Greer's Got It! ❤️","2024-02-02T17:05:16","",1,14,0,0,178,0,0.1,0,0,0,0,1,0,0,23,0,"","Sent","",0,"","Greers",42580642,"Greers","2.7.24 Email Update for Fairhope","2024-02-08T16:00:01"
13681,"marketing@greers.com",29856,"2024-02-06T15:43:33","marketing@greers.com","Manual","🟢🟡🟣  Whatever you're celebrating 🏈 Greer's Got It! ❤️","2024-02-02T17:05:25","",2,16,2,0,139,0,0.1,0,0,0,0,2,0,0,68,0,"","Sent","",0,"","Greers",42580646,"Greers","2.7.24 Email Update for Dauphin Island Parkway","2024-02-08T16:00:02"
13681,"marketing@greers.com",29856,"2024-02-06T15:44:17","marketing@greers.com","Manual","🟢🟡🟣  Whatever you're celebrating 🏈 Greer's Got It! ❤️","2024-02-02T17:05:40","",7,22,1,0,194,0,0.3,0,0,0,0,6,1,0,37,0,"","Sent","",0,"","Greers",42580659,"Greers","2.7.24 Email Update for Hurley & Jay","2024-02-08T16:00:02"
5190,"marketing@greers.com",34724,"2024-02-12T15:09:46","marketing@greers.com","Manual","How did we do? Complete our survey for a chance to win FREE groceries!","2024-02-12T15:09:17","",18,26,2,0,113,0,0.7,0,1,0,0,18,0,1,30,0,"","Sent","",0,"","Greer's",42668080,"Greer's","Online Shopping Survey - 2.12.24","2024-02-12T15:09:47"
13681,"marketing@greers.com",29856,"2024-02-15T15:20:09","marketing@greers.com","Manual","🐟 Looking for Lenten Specials?","2024-02-13T15:04:03","",3,17,0,0,178,0,0.2,0,0,0,0,3,0,0,25,0,"","Sent","",0,"","Greers",42679429,"Greers","2.14.24 Email Update for Fairhope","2024-02-15T16:00:00"
13681,"marketing@greers.com",29856,"2024-02-15T15:22:35","marketing@greers.com","Manual","🐟 Looking for Lenten Specials?","2024-02-13T15:04:15","",14,114,0,0,468,0,0.1,0,0,0,0,12,0,0,133,0,"","Sent","",0,"","Greers",42679430,"Greers","2.14.24 Email Update for MS CashSavers","2024-02-15T16:00:00"
13681,"marketing@greers.com",29856,"2024-02-15T15:18:37","marketing@greers.com","Manual","🐟 Looking for Lenten Specials?","2024-02-13T15:04:58","",13,29,1,0,161,0,0.2,0,0,0,0,7,1,0,92,0,"","Sent","",0,"","Greers",42679434,"Greers","2.14.24 Email Update for Greer's St. Louis Market","2024-02-15T16:00:00"
13681,"marketing@greers.com",29856,"2024-02-15T16:32:49","marketing@greers.com","Manual","🐟 Looking for Lenten Specials?","2024-02-13T15:04:36","",12,62,3,0,567,0,0.2,0,0,0,0,11,0,0,74,0,"","Sent","",0,"","Greers",42679432,"Greers","2.14.24 Email Update for FL CashSavers","2024-02-15T16:32:50"
13681,"marketing@greers.com",29856,"2024-02-15T16:33:21","marketing@greers.com","Manual","🐟 Looking for Lenten Specials?","2024-02-13T15:04:48","",51,298,4,0,2062,0,0.1,0,0,0,0,39,0,0,366,0,"","Sent","",0,"","Greers",42679433,"Greers","2.14.24 Email Update for AL CashSavers","2024-02-15T16:33:22"
13681,"marketing@greers.com",29856,"2024-02-15T16:34:03","marketing@greers.com","Manual","🐟 Looking for Lenten Specials?","2024-02-13T15:03:53","",6,24,3,0,138,0,0.3,0,0,0,0,6,0,0,32,0,"","Sent","",0,"","Greers",42679428,"Greers","2.14.24 Email Update for Dauphin Island Parkway","2024-02-15T16:34:04"
13681,"marketing@greers.com",29856,"2024-02-15T16:34:52","marketing@greers.com","Manual","🐟 Looking for Lenten Specials?","2024-02-13T15:03:40","",6,29,1,0,193,0,0.2,0,0,0,0,6,0,0,54,0,"","Sent","",0,"","Greers",42679426,"Greers","2.14.24 Email Update for Hurley & Jay","2024-02-15T16:34:53"
5190,"marketing@greers.com",34724,"2024-02-19T17:07:54","marketing@greers.com","Manual","How did we do? Complete our survey for a chance to win FREE groceries!","2024-02-19T17:07:20","",11,17,2,0,106,0,0.6,0,0,0,0,11,0,0,19,0,"","Sent","",0,"","Greer's",42766258,"Greer's","Online Shopping Survey - 2.19.24","2024-02-19T17:08:00"
13681,"marketing@greers.com",29856,"2024-02-22T15:56:53","marketing@greers.com","Manual","🍽️ Gather around for Dinner","2024-02-20T17:50:44","",5,18,0,0,178,0,0.2,0,0,0,0,4,0,0,24,0,"","Sent","",0,"","Greers",42781932,"Greers","2.21.24 Email Update for Fairhope","2024-02-22T16:00:01"
13681,"marketing@greers.com",29856,"2024-02-22T15:48:51","marketing@greers.com","Manual","🍽️ Gather around for Dinner","2024-02-20T17:50:54","",14,61,1,0,468,0,0.2,0,0,0,0,11,0,0,79,0,"","Sent","",0,"","Greers",42781936,"Greers","2.21.24 Email Update for MS CashSavers","2024-02-22T16:00:01"
13681,"marketing@greers.com",29856,"2024-02-22T15:58:13","marketing@greers.com","Manual","🍽️ Gather around for Dinner","2024-02-20T17:51:22","",10,36,1,0,160,0,0.1,0,0,0,0,5,0,0,97,0,"","Sent","",0,"","Greers",42781944,"Greers","2.21.24 Email Update for Greer's St. Louis Market","2024-02-22T16:00:02"
13681,"marketing@greers.com",29856,"2024-02-22T15:55:59","marketing@greers.com","Manual","🍽️ Gather around for Dinner","2024-02-20T17:51:31","",3,13,3,0,138,0,0.2,0,0,0,0,3,0,0,22,0,"","Sent","",0,"","Greers",42781948,"Greers","2.21.24 Email Update for Dauphin Island Parkway","2024-02-22T16:00:02"
13681,"marketing@greers.com",29856,"2024-02-22T15:49:44","marketing@greers.com","Manual","🍽️ Gather around for Dinner","2024-02-20T17:52:37","",69,211,6,0,2065,0,0.3,0,0,0,0,55,3,0,306,0,"","Sent","",0,"","Greers",42781970,"Greers","2.21.24 Email Update for AL CashSavers","2024-02-22T16:00:02"
13681,"marketing@greers.com",29856,"2024-02-22T15:51:35","marketing@greers.com","Manual","🍽️ Gather around for Dinner","2024-02-20T17:52:52","",8,26,2,0,193,0,0.3,0,0,0,0,7,0,0,41,0,"","Sent","",0,"","Greers",42781977,"Greers","2.21.24 Email Update for Hurley & Jay","2024-02-22T16:00:03"
13681,"marketing@greers.com",29856,"2024-02-22T15:50:23","marketing@greers.com","Manual","🍽️ Gather around for Dinner","2024-02-20T17:54:10","",15,61,3,0,566,0,0.2,0,0,0,0,14,1,0,84,0,"","Sent","",0,"","Greers",42781999,"Greers","2.21.24 Email Update for FL CashSavers","2024-02-22T16:00:03"
5190,"marketing@greers.com",34724,"2024-02-27T13:49:37","marketing@greers.com","Manual","How did we do? Complete our survey for a chance to win FREE groceries!","2024-02-27T13:49:03","",7,14,2,0,97,0,0.5,0,0,0,0,7,0,0,16,0,"","Sent","",0,"","Greer's",42872153,"Greer's","Online Shopping Survey - 2.27.24","2024-02-27T13:49:38"
13681,"marketing@greers.com",29856,"2024-02-28T18:39:11","marketing@greers.com","Manual","🥕🥑🍎 Looking for something fresh and healthy?","2024-02-27T15:35:53","",15,58,2,0,566,0,0.2,0,0,0,0,12,1,0,71,0,"","Sent","",0,"","Greers",42873677,"Greers","2.28.24 Email Update for FL CashSavers","2024-02-29T16:00:03"
13681,"marketing@greers.com",29856,"2024-02-28T18:45:40","marketing@greers.com","Manual","🥕🥑🍎 Looking for something fresh and healthy?","2024-02-27T15:36:06","",9,21,2,0,193,0,0.4,0,0,0,0,9,0,0,35,0,"","Sent","",0,"","Greers",42873678,"Greers","2.28.24 Email Update for Hurley & Jay","2024-02-29T16:00:03"
13681,"marketing@greers.com",29856,"2024-02-28T18:38:31","marketing@greers.com","Manual","🥕🥑🍎 Looking for something fresh and healthy?","2024-02-27T15:36:16","",52,169,8,0,2065,0,0.3,0,0,0,0,46,0,0,268,0,"","Sent","",0,"","Greers",42873682,"Greers","2.28.24 Email Update for AL CashSavers","2024-02-29T16:00:03"
13681,"marketing@greers.com",29856,"2024-02-28T18:43:56","marketing@greers.com","Manual","🥕🥑🍎 Looking for something fresh and healthy?","2024-02-27T15:36:34","",1,15,3,0,138,0,0.1,0,0,0,0,1,0,0,19,0,"","Sent","",0,"","Greers",42873689,"Greers","2.28.24 Email Update for Dauphin Island Parkway","2024-02-29T16:00:04"
13681,"marketing@greers.com",29856,"2024-02-28T18:41:18","marketing@greers.com","Manual","🥕🥑🍎 Looking for something fresh and healthy?","2024-02-27T15:36:41","",9,16,0,0,160,0,0.3,0,0,0,0,4,0,0,74,0,"","Sent","",0,"","Greers",42873691,"Greers","2.28.24 Email Update for Greer's St. Louis Market","2024-02-29T16:00:04"
13681,"marketing@greers.com",29856,"2024-02-28T18:33:50","marketing@greers.com","Manual","🥕🥑🍎 Looking for something fresh and healthy?","2024-02-27T15:36:51","",23,49,1,0,468,0,0.4,0,0,0,0,18,0,0,61,0,"","Sent","",0,"","Greers",42873692,"Greers","2.28.24 Email Update for MS CashSavers","2024-02-29T16:00:04"
13681,"marketing@greers.com",29856,"2024-02-28T18:37:28","marketing@greers.com","Manual","🥕🥑🍎 Looking for something fresh and healthy?","2024-02-27T15:37:03","",4,14,0,0,178,0,0.2,0,0,0,0,3,0,0,25,0,"","Sent","",0,"","Greers",42873699,"Greers","2.28.24 Email Update for Fairhope","2024-02-29T16:00:05"
5190,"marketing@greers.com",34724,"2024-03-04T14:30:06","marketing@greers.com","Manual","How did we do? Complete our survey for a chance to win FREE groceries!","2024-03-04T14:29:32","",11,13,1,0,90,0,0.8,0,0,0,0,10,0,0,16,0,"","Sent","",0,"","Greer's",42954074,"Greer's","Online Shopping Survey - 3.4.24","2024-03-04T14:30:07"
13681,"marketing@greers.com",29856,"2024-02-26T18:44:05","marketing@greers.com","Manual","Tidy CareTM Alert: pH-Detection for Cat Health! 🐾✨","2024-02-26T18:41:22","",1,221,12,0,3331,0,0,0,0,0,0,1,8,0,255,0,"","Sent","",0,"","AWG Marketing",42862723,"AWG Marketing","3.5.24 Tidy Cat Alert","2024-03-05T12:00:07"
13681,"marketing@greers.com",29856,"2024-03-07T15:28:50","marketing@greers.com","Manual","⏰ Spring Forward with Fresh Choices and Best Selections","2024-03-05T16:37:59","",1,9,0,0,178,0,0.1,0,0,0,0,1,0,0,16,0,"","Sent","",0,"","Greers",42973889,"Greers","3.6.24 Email Update for Fairhope","2024-03-07T16:00:00"
13681,"marketing@greers.com",29856,"2024-03-07T15:08:42","marketing@greers.com","Manual","⏰ Spring Forward with Fresh Choices and Best Selections","2024-03-05T16:38:07","",11,36,1,0,467,0,0.3,0,0,0,0,10,0,0,38,0,"","Sent","",0,"","Greers",42973892,"Greers","3.6.24 Email Update for MS CashSavers","2024-03-07T16:00:00"
13681,"marketing@greers.com",29856,"2024-03-07T15:26:30","marketing@greers.com","Manual","⏰ Spring Forward with Fresh Choices and Best Selections","2024-03-05T16:38:18","",36,134,5,0,2064,0,0.2,0,0,0,0,29,2,0,204,0,"","Sent","",0,"","Greers",42973893,"Greers","3.6.24 Email Update for AL CashSavers","2024-03-07T16:00:01"
13681,"marketing@greers.com",29856,"2024-03-07T15:27:30","marketing@greers.com","Manual","⏰ Spring Forward with Fresh Choices and Best Selections","2024-03-05T16:38:29","",13,53,0,0,561,0,0.2,0,0,0,0,11,1,0,82,0,"","Sent","",0,"","Greers",42973894,"Greers","3.6.24 Email Update for FL CashSavers","2024-03-07T16:00:01"
13681,"marketing@greers.com",29856,"2024-03-07T15:30:04","marketing@greers.com","Manual","⏰ Spring Forward with Fresh Choices and Best Selections","2024-03-05T16:38:42","",4,17,3,0,192,0,0.2,0,0,0,0,3,0,0,21,0,"","Sent","",0,"","Greers",42973895,"Greers","3.6.24 Email Update for Hurley & Jay","2024-03-07T16:00:01"
13681,"marketing@greers.com",29856,"2024-03-07T15:32:18","marketing@greers.com","Manual","⏰ Spring Forward with Fresh Choices and Best Selections","2024-03-05T16:38:50","",8,19,2,0,138,0,0.4,0,0,0,0,7,0,0,33,0,"","Sent","",0,"","Greers",42973897,"Greers","3.6.24 Email Update for Dauphin Island Parkway","2024-03-07T16:00:02"
13681,"marketing@greers.com",29856,"2024-03-07T15:29:29","marketing@greers.com","Manual","⏰ Spring Forward with Fresh Choices and Best Selections","2024-03-05T16:39:03","",11,20,1,0,161,0,0.3,0,0,0,0,6,0,0,83,0,"","Sent","",0,"","Greers",42973900,"Greers","3.6.24 Email Update for Greer's St. Louis Market","2024-03-07T16:00:02"
5190,"marketing@greers.com",34724,"2024-03-11T14:26:20","marketing@greers.com","Manual","How did we do? Complete our survey for a chance to win FREE groceries!","2024-03-11T14:25:01","",8,12,1,0,87,0,0.6,0,0,0,0,7,0,0,17,0,"","Sent","",0,"","Greer's",43054361,"Greer's","Online Shopping Survey - 3.11.24","2024-03-11T14:26:21"
13681,"marketing@greers.com",29856,"2024-03-08T19:40:13","marketing@greers.com","Manual","🐕 Something to wag your tail about","2024-03-08T19:33:25","",10,367,9,0,3323,0,0,0,0,0,0,7,4,0,482,0,"","Sent","",0,"","Greer's",43024658,"Greer's","3.14.24 Blue Buffalo Treats","2024-03-14T11:00:15"
13681,"marketing@greers.com",29856,"2024-03-13T22:23:46","marketing@greers.com","Manual","☘️ Greer's is going green","2024-03-08T20:38:47","",12,28,0,0,161,0,0.3,0,0,0,0,7,2,0,106,0,"","Sent","",0,"","Greers",43025789,"Greers","3.13.24 Email Update for Greer's St. Louis Market","2024-03-14T15:00:00"
13681,"marketing@greers.com",29856,"2024-03-13T21:58:53","marketing@greers.com","Manual","☘️ Greer's is going green","2024-03-08T20:38:56","",2,15,2,0,138,0,0.1,0,0,0,0,2,0,0,18,0,"","Sent","",0,"","Greers",43025790,"Greers","3.13.24 Email Update for Dauphin Island Parkway","2024-03-14T15:00:01"
13681,"marketing@greers.com",29856,"2024-03-13T22:13:14","marketing@greers.com","Manual","☘️ Greer's is going green","2024-03-08T20:39:07","",7,19,2,0,190,0,0.3,0,0,0,0,6,0,0,31,0,"","Sent","",0,"","Greers",43025792,"Greers","3.13.24 Email Update for Hurley & Jay","2024-03-14T15:00:01"
13681,"marketing@greers.com",29856,"2024-03-13T22:14:50","marketing@greers.com","Manual","☘️ Greer's is going green","2024-03-08T20:39:17","",20,58,0,0,559,0,0.3,0,0,0,0,15,0,0,92,0,"","Sent","",0,"","Greers",43025796,"Greers","3.13.24 Email Update for FL CashSavers","2024-03-14T15:00:02"
13681,"marketing@greers.com",29856,"2024-03-13T22:19:19","marketing@greers.com","Manual","☘️ Greer's is going green","2024-03-08T20:39:27","",48,171,5,0,2060,0,0.3,0,0,0,0,43,2,0,234,0,"","Sent","",0,"","Greers",43025800,"Greers","3.13.24 Email Update for AL CashSavers","2024-03-14T15:00:02"
13681,"marketing@greers.com",29856,"2024-03-13T22:21:00","marketing@greers.com","Manual","☘️ Greer's is going green","2024-03-08T20:39:36","",16,38,1,0,467,0,0.3,0,0,0,0,12,0,0,47,0,"","Sent","",0,"","Greers",43025803,"Greers","3.13.24 Email Update for MS CashSavers","2024-03-14T15:00:03"
13681,"marketing@greers.com",29856,"2024-03-13T22:22:24","marketing@greers.com","Manual","☘️ Greer's is going green","2024-03-08T20:39:51","",0,18,0,0,178,0,0,0,0,0,0,0,0,0,33,0,"","Sent","",0,"","Greers",43025808,"Greers","3.13.24 Email Update for Fairhope","2024-03-14T15:00:03"
13681,"marketing@greers.com",29856,"2024-03-08T19:27:48","marketing@greers.com","Manual","🔆 Make your Easter vibrant 🔆","2024-03-08T19:23:54","",58,274,8,0,3319,0,0.2,0,0,0,0,47,3,0,336,0,"","Sent","",0,"","Greer's",43024483,"Greer's","3.21.24 Kraft Heinz Easter","2024-03-21T11:00:03"
13681,"marketing@greers.com",29856,"2024-03-19T14:29:49","marketing@greers.com","Manual","🏀 Be a winner with Greer's","2024-03-15T21:24:35","",3,13,0,0,177,0,0.2,0,0,0,0,3,0,0,21,0,"","Sent","",0,"","Greers",43122278,"Greers","3.20.24 Email Update for Fairhope","2024-03-21T15:00:03"
13681,"marketing@greers.com",29856,"2024-03-19T14:27:03","marketing@greers.com","Manual","🏀 Be a winner with Greer's","2024-03-15T21:24:44","",8,33,1,0,467,0,0.2,0,0,0,0,8,0,0,39,0,"","Sent","",0,"","Greers",43122281,"Greers","3.20.24 Email Update for MS CashSavers","2024-03-21T15:00:03"
13681,"marketing@greers.com",29856,"2024-03-19T14:28:22","marketing@greers.com","Manual","🏀 Be a winner with Greer's","2024-03-15T21:24:57","",47,162,3,0,2059,0,0.2,0,0,0,0,37,0,0,209,0,"","Sent","",0,"","Greers",43122283,"Greers","3.20.24 Email Update for AL CashSavers","2024-03-21T15:00:03"
13681,"marketing@greers.com",29856,"2024-03-19T14:31:21","marketing@greers.com","Manual","🏀 Be a winner with Greer's","2024-03-15T21:25:08","",6,18,3,0,189,0,0.3,0,0,0,0,6,0,0,32,0,"","Sent","",0,"","Greers",43122294,"Greers","3.20.24 Email Update for Hurley & Jay","2024-03-21T15:00:04"
13681,"marketing@greers.com",29856,"2024-03-19T14:32:53","marketing@greers.com","Manual","🏀 Be a winner with Greer's","2024-03-15T21:25:16","",2,12,3,0,137,0,0.2,0,0,0,0,2,0,0,18,0,"","Sent","",0,"","Greers",43122299,"Greers","3.20.24 Email Update for Dauphin Island Parkway","2024-03-21T15:00:04"
13681,"marketing@greers.com",29856,"2024-03-19T14:30:35","marketing@greers.com","Manual","🏀 Be a winner with Greer's","2024-03-15T21:25:24","",6,18,0,0,158,0,0.2,0,0,0,0,4,0,0,25,0,"","Sent","",0,"","Greers",43122303,"Greers","3.20.24 Email Update for Greer's St. Louis Market","2024-03-21T15:00:05"
13681,"marketing@greers.com",29856,"2024-03-19T14:29:08","marketing@greers.com","Manual","🏀 Be a winner with Greer's","2024-03-15T21:26:00","",15,48,2,0,557,0,0.3,0,0,1,0,13,1,0,73,0,"","Sent","",0,"","Greers",43122323,"Greers","3.20.24 Email Update for FL CashSavers","2024-03-21T15:00:05"
5190,"marketing@greers.com",34724,"2024-03-22T15:31:37","marketing@greers.com","Manual","How did we do? Complete our survey for a chance to win FREE groceries!","2024-03-22T15:30:59","",9,15,1,0,95,0,0.6,0,0,0,0,9,0,0,18,0,"","Sent","",0,"","Greer's",43226752,"Greer's","Online Shopping Survey - 3.22.24","2024-03-22T15:31:38"
5190,"marketing@greers.com",34724,"2024-03-25T15:05:06","marketing@greers.com","Manual","How did we do? Complete our survey for a chance to win FREE groceries!","2024-03-25T15:04:29","",12,20,1,0,109,0,0.6,0,0,0,0,12,0,0,25,0,"","Sent","",0,"","Greer's",43239752,"Greer's","Online Shopping Survey - 3.25.24","2024-03-25T15:05:07"
13681,"marketing@greers.com",29856,"2024-03-20T20:20:28","marketing@greers.com","Manual","Dinnertime made simple","2024-03-20T20:14:06","",0,276,10,0,3317,0,0,0,0,0,0,0,7,0,328,0,"","Sent","",0,"","Greer's",43196565,"Greer's","3.28.24 Kraft Heinz Homebake","2024-03-28T11:00:22"
13681,"marketing@greers.com",29856,"2024-03-27T22:18:38","marketing@greers.com","Manual","🐰 Happy Easter from Greer's","2024-03-26T15:39:58","",18,57,2,0,556,0,0.2,0,0,0,0,13,0,0,66,0,"","Sent","",0,"","Greers",43246311,"Greers","3.27.24 Email Update for FL CashSavers","2024-03-28T15:00:00"
13681,"marketing@greers.com",29856,"2024-03-27T22:15:43","marketing@greers.com","Manual","🐰 Happy Easter from Greer's","2024-03-26T15:40:06","",6,16,0,0,158,0,0.3,0,0,0,0,4,1,0,25,0,"","Sent","",0,"","Greers",43246318,"Greers","3.27.24 Email Update for Greer's St. Louis Market","2024-03-28T15:00:01"
13681,"marketing@greers.com",29856,"2024-03-27T22:10:09","marketing@greers.com","Manual","🐰 Happy Easter from Greer's","2024-03-26T15:40:28","",9,19,2,0,188,0,0.4,0,0,0,0,8,0,0,30,0,"","Sent","",0,"","Greers",43246322,"Greers","3.27.24 Email Update for Hurley & Jay","2024-03-28T15:00:01"
13681,"marketing@greers.com",29856,"2024-03-27T22:17:04","marketing@greers.com","Manual","🐰 Happy Easter from Greer's","2024-03-26T15:40:37","",49,162,4,0,2057,0,0.2,0,0,1,0,40,1,0,229,0,"","Sent","",0,"","Greers",43246327,"Greers","3.27.24 Email Update for AL CashSavers","2024-03-28T15:00:01"
13681,"marketing@greers.com",29856,"2024-03-27T22:19:22","marketing@greers.com","Manual","🐰 Happy Easter from Greer's","2024-03-26T15:40:55","",2,17,0,0,177,0,0.1,0,0,0,0,2,0,0,22,0,"","Sent","",0,"","Greers",43246330,"Greers","3.27.24 Email Update for Fairhope","2024-03-28T15:00:02"
13681,"marketing@greers.com",29856,"2024-03-27T22:17:47","marketing@greers.com","Manual","🐰 Happy Easter from Greer's","2024-03-26T15:40:44","",23,40,2,0,466,0,0.5,0,0,0,0,20,0,0,55,0,"","Sent","",0,"","Greers",43246329,"Greers","3.27.24 Email Update for MS CashSavers","2024-03-28T15:00:02"
13681,"marketing@greers.com",29856,"2024-03-27T22:08:56","marketing@greers.com","Manual","🐰 Happy Easter from Greer's","2024-03-26T15:40:18","",2,15,3,0,137,0,0.1,0,0,0,0,2,0,0,26,0,"","Sent","",0,"","Greers",43246321,"Greers","3.27.24 Email Update for Dauphin Island Parkway","2024-03-28T15:00:02"
5190,"marketing@greers.com",34724,"2024-04-01T14:05:11","marketing@greers.com","Manual","How did we do? Complete our survey for a chance to win FREE groceries!","2024-04-01T14:04:40","",3,8,2,0,88,0,0.4,0,0,0,0,3,0,0,22,0,"","Sent","",0,"","Greer's",43291374,"Greer's","Online Shopping Survey - 4.1.24","2024-04-01T14:05:12"
13681,"marketing@greers.com",29856,"2024-04-02T14:55:36","marketing@greers.com","Manual","🌸 Greer's says Hello Spring 🌼","2024-04-01T18:54:09","",4,16,3,0,137,0,0.1,0,0,0,0,2,0,0,26,0,"","Sent","",0,"","Greers",43294477,"Greers","4.3.24 Email Update for Dauphin Island Parkway","2024-04-04T15:00:00"
13681,"marketing@greers.com",29856,"2024-04-02T14:54:14","marketing@greers.com","Manual","🌸 Greer's says Hello Spring 🌼","2024-04-01T18:54:25","",10,18,2,0,188,0,0.3,0,0,0,0,5,0,0,42,0,"","Sent","",0,"","Greers",43294486,"Greers","4.3.24 Email Update for Hurley & Jay","2024-04-04T15:00:00"
13681,"marketing@greers.com",29856,"2024-04-02T14:52:38","marketing@greers.com","Manual","🌸 Greer's says Hello Spring 🌼","2024-04-01T18:54:38","",7,20,0,0,157,0,0.2,0,0,0,0,4,0,0,24,0,"","Sent","",0,"","Greers",43294487,"Greers","4.3.24 Email Update for Greer's St. Louis Market","2024-04-04T15:00:01"
13681,"marketing@greers.com",29856,"2024-04-02T14:56:11","marketing@greers.com","Manual","🌸 Greer's says Hello Spring 🌼","2024-04-01T18:54:57","",14,57,2,0,555,0,0.2,0,0,0,0,12,0,0,75,0,"","Sent","",0,"","Greers",43294489,"Greers","4.3.24 Email Update for FL CashSavers","2024-04-04T15:00:01"
13681,"marketing@greers.com",29856,"2024-04-02T14:56:53","marketing@greers.com","Manual","🌸 Greer's says Hello Spring 🌼","2024-04-01T18:55:06","",67,167,2,0,2057,0,0.3,0,0,0,0,46,0,0,240,0,"","Sent","",0,"","Greers",43294497,"Greers","4.3.24 Email Update for AL CashSavers","2024-04-04T15:00:01"
13681,"marketing@greers.com",29856,"2024-04-02T14:57:28","marketing@greers.com","Manual","🌸 Greer's says Hello Spring 🌼","2024-04-01T18:55:19","",22,29,1,0,466,0,0.4,0,0,0,0,13,0,0,66,0,"","Sent","",0,"","Greers",43294501,"Greers","4.3.24 Email Update for MS CashSavers","2024-04-04T15:00:01"
13681,"marketing@greers.com",29856,"2024-04-02T14:53:28","marketing@greers.com","Manual","🌸 Greer's says Hello Spring 🌼","2024-04-01T18:55:28","",8,18,0,0,179,0,0.4,0,0,0,0,7,0,0,24,0,"","Sent","",0,"","Greers",43294502,"Greers","4.3.24 Email Update for Fairhope","2024-04-04T15:00:02"
5190,"marketing@greers.com",34724,"2024-04-10T18:26:34","marketing@greers.com","Manual","How did we do? Complete our survey for a chance to win FREE groceries!","2024-04-10T18:26:09","",15,22,2,0,94,0,0.6,0,0,0,0,14,0,0,29,0,"","Sent","",0,"","Greer's",43361233,"Greer's","Online Shopping Survey - 4.8.24","2024-04-10T18:26:35"
13681,"marketing@greers.com",29856,"2024-04-11T15:06:05","marketing@greers.com","Manual","🌷🌷 Blooming with Delicious Deals","2024-04-04T20:56:42","",6,21,3,0,188,0,0.2,0,0,0,0,5,0,0,29,0,"","Sent","",0,"","Greers",43319482,"Greers","4.10.24 Email Update for Hurley & Jay","2024-04-11T15:06:06"
13681,"marketing@greers.com",29856,"2024-04-11T15:09:58","marketing@greers.com","Manual","🌷🌷 Blooming with Delicious Deals","2024-04-04T18:33:25","",2,13,3,0,138,0,0.1,0,0,0,0,1,0,0,18,0,"","Sent","",0,"","Greers",43318411,"Greers","4.10.24 Email Update for Dauphin Island Parkway","2024-04-11T15:10:00"
13681,"marketing@greers.com",29856,"2024-04-11T15:13:20","marketing@greers.com","Manual","🌷🌷 Blooming with Delicious Deals","2024-04-04T20:58:02","",3,17,0,0,179,0,0.2,0,0,0,0,3,0,0,20,0,"","Sent","",0,"","Greers",43319491,"Greers","4.10.24 Email Update for Fairhope","2024-04-11T15:13:21"
13681,"marketing@greers.com",29856,"2024-04-11T15:03:21","marketing@greers.com","Manual","🌷🌷 Blooming with Delicious Deals","2024-04-04T20:56:55","",5,17,0,0,157,0,0.2,0,0,0,0,3,0,0,23,0,"","Sent","",0,"","Greers",43319483,"Greers","4.10.24 Email Update for Greer's St. Louis Market","2024-04-11T15:15:00"
13681,"marketing@greers.com",29856,"2024-04-11T15:02:45","marketing@greers.com","Manual","🌷🌷 Blooming with Delicious Deals","2024-04-04T20:57:32","",9,61,1,0,555,0,0.1,0,0,0,0,9,0,0,68,0,"","Sent","",0,"","Greers",43319487,"Greers","4.10.24 Email Update for FL CashSavers","2024-04-11T15:15:00"
13681,"marketing@greers.com",29856,"2024-04-11T15:01:21","marketing@greers.com","Manual","🌷🌷 Blooming with Delicious Deals","2024-04-04T20:57:43","",54,159,3,0,2060,0,0.3,0,0,0,0,49,1,0,209,0,"","Sent","",0,"","Greers",43319488,"Greers","4.10.24 Email Update for AL CashSavers","2024-04-11T15:15:00"
13681,"marketing@greers.com",29856,"2024-04-11T15:02:13","marketing@greers.com","Manual","🌷🌷 Blooming with Delicious Deals","2024-04-04T20:57:51","",17,34,1,0,467,0,0.5,0,0,0,0,16,0,0,40,0,"","Sent","",0,"","Greers",43319489,"Greers","4.10.24 Email Update for MS CashSavers","2024-04-11T15:15:01"
5190,"marketing@greers.com",34724,"2024-04-15T14:05:04","marketing@greers.com","Manual","How did we do? Complete our survey for a chance to win FREE groceries!","2024-04-15T14:04:27","",9,16,3,0,91,0,0.6,0,0,0,0,9,0,0,24,0,"","Sent","",0,"","Greer's",43392966,"Greer's","Online Shopping Survey - 4.15.24","2024-04-15T14:05:05"
13681,"marketing@greers.com",29856,"2024-04-15T19:43:13","marketing@greers.com","Manual","Purina ONE® 28-Day Challenge","2024-04-15T19:29:38","",11,324,8,0,3231,0,0,0,0,0,0,11,2,0,396,0,"","Sent","",0,"","Greer's",43396553,"Greer's","4.18.24 Purina ONE 28 Day Challenge","2024-04-18T11:00:04"
13681,"marketing@greers.com",29856,"2024-04-16T16:10:53","marketing@greers.com","Manual","🍓🫐 🥩 Did you taste that?","2024-04-12T18:16:50","",23,33,1,0,467,0,0.5,0,0,0,0,17,0,0,41,0,"","Sent","",0,"","Greers",43377127,"Greers","4.17.24 Email Update for MS CashSavers","2024-04-18T15:00:00"
13681,"marketing@greers.com",29856,"2024-04-16T16:09:17","marketing@greers.com","Manual","🍓🫐 🥩 Did you taste that?","2024-04-12T18:31:04","",53,145,5,0,2057,0,0.3,0,0,0,0,45,0,0,202,0,"","Sent","",0,"","Greers",43377234,"Greers","4.17.24 Email Update for AL CashSavers","2024-04-18T15:00:00"
13681,"marketing@greers.com",29856,"2024-04-16T16:08:15","marketing@greers.com","Manual","🍓🫐 🥩 Did you taste that?","2024-04-12T18:31:14","",11,52,1,0,558,0,0.2,0,0,0,0,10,0,0,58,0,"","Sent","",0,"","Greers",43377237,"Greers","4.17.24 Email Update for FL CashSavers","2024-04-18T15:00:01"
13681,"marketing@greers.com",29856,"2024-04-16T16:14:31","marketing@greers.com","Manual","🍓🫐 🥩 Did you taste that?","2024-04-12T18:31:22","",5,19,0,0,158,0,0.2,0,0,0,0,3,0,0,28,0,"","Sent","",0,"","Greers",43377238,"Greers","4.17.24 Email Update for Greer's St. Louis Market","2024-04-18T15:00:01"
13681,"marketing@greers.com",29856,"2024-04-16T16:07:23","marketing@greers.com","Manual","🍓🫐 🥩 Did you taste that?","2024-04-12T18:31:32","",3,15,0,0,179,0,0.2,0,0,0,0,3,0,0,17,0,"","Sent","",0,"","Greers",43377240,"Greers","4.17.24 Email Update for Fairhope","2024-04-18T15:00:01"
13681,"marketing@greers.com",29856,"2024-04-16T16:12:51","marketing@greers.com","Manual","🍓🫐 🥩 Did you taste that?","2024-04-12T18:31:39","",2,16,3,0,138,0,0.1,0,0,0,0,1,0,0,19,0,"","Sent","",0,"","Greers",43377241,"Greers","4.17.24 Email Update for Dauphin Island Parkway","2024-04-18T15:00:02"
13681,"marketing@greers.com",29856,"2024-04-16T16:13:48","marketing@greers.com","Manual","🍓🫐 🥩 Did you taste that?","2024-04-12T18:31:47","",5,15,2,0,187,0,0.1,0,0,0,0,2,0,0,25,0,"","Sent","",0,"","Greers",43377242,"Greers","4.17.24 Email Update for Hurley & Jay","2024-04-18T15:00:02"
5190,"marketing@greers.com",34724,"2024-04-22T13:04:10","marketing@greers.com","Manual","Congratulations! You Won a $100 Greer's Gift Card!","2024-04-22T12:45:42","",0,1,0,0,1,0,0,0,0,0,0,0,0,0,22,0,"","Sent","",0,"","Greer's",43458907,"Greer's","Gift Card Winner (randomly selected from OS survey responses)","2024-04-22T13:04:11"
5190,"marketing@greers.com",34724,"2024-04-22T13:06:38","marketing@greers.com","Manual","Congratulations! You Won a Greer's Gift Card!","2024-04-22T13:04:19","",0,1,0,0,1,0,0,0,0,0,0,0,0,0,3,0,"","Sent","",0,"","Greer's",43459056,"Greer's","Gift Card Winner (randomly selected from OS survey responses)","2024-04-22T13:06:39"
5190,"marketing@greers.com",34724,"2024-04-22T13:08:29","marketing@greers.com","Manual","Congratulations! You Won a Greer's Gift Card!","2024-04-22T13:06:47","",0,0,0,0,1,0,0,0,0,0,0,0,0,0,0,0,"","Sent","",0,"","Greer's",43459085,"Greer's","Gift Card Winner (randomly selected from OS survey responses)","2024-04-22T13:08:30"
5190,"marketing@greers.com",34724,"2024-04-22T20:52:56","marketing@greers.com","Manual","CORRECTION: Congratulations! You Won a Greer's Gift Card!","2024-04-22T13:08:51","",0,0,0,0,1,0,0,0,0,0,0,0,0,0,0,0,"","Sent","",0,"","Greer's",43459104,"Greer's","CORRECTED: Gift Card Winner (randomly selected from OS survey responses)","2024-04-22T13:10:40"
5190,"marketing@greers.com",34724,"2024-04-22T13:48:43","marketing@greers.com","Manual","How did we do? Complete our survey for a chance to win FREE groceries!","2024-04-22T13:46:58","",6,15,2,0,96,0,0.4,0,0,0,0,6,0,0,18,0,"","Sent","",0,"","Greer's",43459417,"Greer's","Online Shopping Survey - 4.22.24","2024-04-22T13:48:44"
13681,"marketing@greers.com",29856,"2024-04-24T15:05:05","marketing@greers.com","Manual","🇺🇸 What's more American than this?","2024-04-17T14:39:55","",6,24,2,0,187,0,0.3,0,0,0,0,6,0,0,35,0,"","Sent","",0,"","Greers",43413180,"Greers","4.24.24 Email Update for Hurley & Jay","2024-04-25T15:00:00"
13681,"marketing@greers.com",29856,"2024-04-24T15:02:47","marketing@greers.com","Manual","🇺🇸 What's more American than this?","2024-04-17T14:40:40","",1,14,3,0,139,0,0.1,0,0,0,0,1,0,0,21,0,"","Sent","",0,"","Greers",43413192,"Greers","4.24.24 Email Update for Dauphin Island Parkway","2024-04-25T15:00:00"
13681,"marketing@greers.com",29856,"2024-04-24T14:57:24","marketing@greers.com","Manual","🇺🇸 What's more American than this?","2024-04-17T14:41:13","",4,15,0,0,179,0,0.3,0,0,0,0,4,1,0,20,0,"","Sent","",0,"","Greers",43413196,"Greers","4.24.24 Email Update for Fairhope","2024-04-25T15:00:01"
13681,"marketing@greers.com",29856,"2024-04-24T14:54:34","marketing@greers.com","Manual","🇺🇸 What's more American than this?","2024-04-17T14:41:28","",4,12,0,0,158,0,0.2,0,0,0,0,2,0,0,14,0,"","Sent","",0,"","Greers",43413198,"Greers","4.24.24 Email Update for Greer's St. Louis Market","2024-04-25T15:00:01"
13681,"marketing@greers.com",29856,"2024-04-24T15:10:09","marketing@greers.com","Manual","🇺🇸 What's more American than this?","2024-04-17T14:41:35","",15,48,1,0,558,0,0.3,0,0,0,0,13,0,0,59,0,"","Sent","",0,"","Greers",43413201,"Greers","4.24.24 Email Update for FL CashSavers","2024-04-25T15:00:02"
13681,"marketing@greers.com",29856,"2024-04-24T15:15:16","marketing@greers.com","Manual","🇺🇸 What's more American than this?","2024-04-17T14:41:42","",53,179,10,0,2057,0,0.2,0,0,0,0,43,2,0,256,0,"","Sent","",0,"","Greers",43413202,"Greers","4.24.24 Email Update for AL CashSavers","2024-04-25T15:00:02"
13681,"marketing@greers.com",29856,"2024-04-24T15:19:23","marketing@greers.com","Manual","🇺🇸 What's more American than this?","2024-04-17T14:41:53","",16,40,1,0,467,0,0.4,0,0,0,0,15,0,0,58,0,"","Sent","",0,"","Greers",43413204,"Greers","4.24.24 Email Update for MS CashSavers","2024-04-25T15:00:02"
5190,"marketing@greers.com",34724,"2024-04-29T13:51:24","marketing@greers.com","Manual","How did we do? Complete our survey for a chance to win FREE groceries!","2024-04-29T13:50:33","",7,16,1,0,105,0,0.4,0,0,0,0,7,0,0,18,0,"","Sent","",0,"","Greer's",43518130,"Greer's","Online Shopping Survey - 4.29.24","2024-04-29T13:51:30"
13681,"marketing@greers.com",34724,"2024-05-01T14:37:28","marketing@greers.com","Manual","Thank You For Trying Greer's Groceries To Go!","2024-05-01T14:36:48","",0,1,0,0,9,0,0,0,1,0,0,0,0,1,1,0,"","Sent","",0,"","Greers",43546180,"Greers","5.1.24 - GGTG New Customer","2024-05-01T14:37:30"
13681,"marketing@greers.com",29856,"2024-05-01T19:06:12","marketing@greers.com","Manual","🎉 Ready for the fiesta?","2024-04-25T19:54:09","",13,30,1,0,468,0,0.4,0,0,0,0,12,0,0,37,0,"","Sent","",0,"","Greers",43491539,"Greers","5.1.24 Email Update for MS CashSavers","2024-05-02T15:00:08"
13681,"marketing@greers.com",29856,"2024-05-01T19:06:49","marketing@greers.com","Manual","🎉 Ready for the fiesta?","2024-04-25T19:54:53","",8,17,0,0,159,0,0.3,0,0,0,0,5,0,0,22,0,"","Sent","",0,"","Greers",43491541,"Greers","5.1.24 Email Update for Greer's St. Louis Market","2024-05-02T15:00:08"
13681,"marketing@greers.com",29856,"2024-05-01T19:04:37","marketing@greers.com","Manual","🎉 Ready for the fiesta?","2024-04-25T20:30:53","",46,155,7,0,2054,0,0.3,0,0,0,0,41,0,0,203,0,"","Sent","",0,"","Greers",43491798,"Greers","5.1.24 Email Update for AL CashSavers","2024-05-02T15:00:09"
13681,"marketing@greers.com",29856,"2024-05-01T19:05:28","marketing@greers.com","Manual","🎉 Ready for the fiesta?","2024-04-25T20:30:59","",10,50,2,0,557,0,0.2,0,0,0,0,10,0,0,71,0,"","Sent","",0,"","Greers",43491799,"Greers","5.1.24 Email Update for FL CashSavers","2024-05-02T15:00:09"
13681,"marketing@greers.com",29856,"2024-05-01T19:03:59","marketing@greers.com","Manual","🎉 Ready for the fiesta?","2024-04-25T20:31:11","",4,15,0,0,178,0,0.1,0,0,0,0,2,0,0,19,0,"","Sent","",0,"","Greers",43491805,"Greers","5.1.24 Email Update for Fairhope","2024-05-02T15:00:09"
13681,"marketing@greers.com",29856,"2024-05-01T19:07:59","marketing@greers.com","Manual","🎉 Ready for the fiesta?","2024-04-25T20:31:19","",5,13,3,0,139,0,0.2,0,0,0,0,3,0,0,20,0,"","Sent","",0,"","Greers",43491807,"Greers","5.1.24 Email Update for Dauphin Island Parkway","2024-05-02T15:00:09"
13681,"marketing@greers.com",29856,"2024-05-01T19:07:23","marketing@greers.com","Manual","🎉 Ready for the fiesta?","2024-04-25T20:31:27","",3,12,2,0,187,0,0.2,0,0,0,0,2,0,0,18,0,"","Sent","",0,"","Greers",43491808,"Greers","5.1.24 Email Update for Hurley & Jay","2024-05-02T15:00:10"
5190,"marketing@greers.com",34724,"2024-05-06T13:45:30","marketing@greers.com","Manual","How did we do? Complete our survey for a chance to win FREE groceries!","2024-05-06T13:44:56","",11,17,3,0,103,0,0.6,0,0,0,0,11,0,0,19,0,"","Sent","",0,"","Greer's",43618827,"Greer's","Online Shopping Survey - 5.6.24","2024-05-06T13:45:31"
13681,"marketing@greers.com",34724,"2024-05-06T13:54:15","marketing@greers.com","Manual","Thank You For Trying Greer's Groceries To Go!","2024-04-30T14:10:29","",0,0,0,0,7,0,0,0,0,0,0,0,0,0,0,0,"","Sent","",0,"","Greers",43530718,"Greers","5.6.24 - GGTG New Customer","2024-05-06T13:54:16"
13681,"marketing@greers.com",29856,"2024-05-07T23:02:11","marketing@greers.com","Manual","🐾 Shop Tasty BLUE Treats","2024-05-07T22:57:26","",20,290,11,0,3317,0,0.1,0,0,0,0,18,1,0,344,0,"","Sent","",0,"","Greer's",43646893,"Greer's","5.7.24 Blue Buffalo Treats","2024-05-07T23:02:12"
13681,"marketing@greers.com",29856,"2024-05-08T20:04:29","marketing@greers.com","Manual","🤱 Happy Mother's Day 🌷","2024-05-02T21:18:52","",5,18,2,0,187,0,0.2,0,0,0,0,3,0,0,28,0,"","Sent","",0,"","Greers",43569955,"Greers","5.8.24 Email Update for Hurley & Jay","2024-05-09T15:00:00"
13681,"marketing@greers.com",29856,"2024-05-08T20:03:41","marketing@greers.com","Manual","🤱 Happy Mother's Day 🌷","2024-05-02T21:19:32","",2,19,3,0,139,0,0.1,0,0,0,0,2,0,0,31,0,"","Sent","",0,"","Greers",43569963,"Greers","5.8.24 Email Update for Dauphin Island Parkway","2024-05-09T15:00:00"
13681,"marketing@greers.com",29856,"2024-05-08T19:55:50","marketing@greers.com","Manual","🤱 Happy Mother's Day 🌷","2024-05-02T21:19:39","",3,15,0,0,177,0,0.2,0,0,0,0,3,0,0,19,0,"","Sent","",0,"","Greers",43569965,"Greers","5.8.24 Email Update for Fairhope","2024-05-09T15:00:00"
13681,"marketing@greers.com",29856,"2024-05-08T19:57:22","marketing@greers.com","Manual","🤱 Happy Mother's Day 🌷","2024-05-02T21:19:46","",4,51,1,0,559,0,0.1,0,0,0,0,4,0,0,56,0,"","Sent","",0,"","Greers",43569967,"Greers","5.8.24 Email Update for FL CashSavers","2024-05-09T15:00:01"
13681,"marketing@greers.com",29856,"2024-05-08T20:02:37","marketing@greers.com","Manual","🤱 Happy Mother's Day 🌷","2024-05-02T21:19:54","",36,155,7,0,2055,0,0.2,0,0,0,0,33,1,0,203,0,"","Sent","",0,"","Greers",43569968,"Greers","5.8.24 Email Update for AL CashSavers","2024-05-09T15:00:01"
13681,"marketing@greers.com",29856,"2024-05-08T19:56:34","marketing@greers.com","Manual","🤱 Happy Mother's Day 🌷","2024-05-02T21:20:08","",19,42,1,0,468,0,0.4,0,0,0,0,16,0,0,50,0,"","Sent","",0,"","Greers",43569976,"Greers","5.8.24 Email Update for MS CashSavers","2024-05-09T15:00:02"
13681,"marketing@greers.com",29856,"2024-05-08T19:54:48","marketing@greers.com","Manual","🤱 Happy Mother's Day 🌷","2024-05-02T21:20:16","",6,18,0,0,159,0,0.2,0,0,0,0,4,0,0,20,0,"","Sent","",0,"","Greers",43569979,"Greers","5.8.24 Email Update for Greer's St. Louis Market","2024-05-09T15:00:02"
13681,"marketing@greers.com",34724,"2024-05-13T14:35:21","marketing@greers.com","Manual","Thank You For Trying Greer's Groceries To Go!","2024-05-13T14:34:47","",0,4,0,0,7,0,0,0,0,0,0,0,0,0,8,0,"","Sent","",0,"","Greers",43732287,"Greers","5.13.24 - GGTG New Customer","2024-05-13T14:35:22"
5190,"marketing@greers.com",34724,"2024-05-13T14:41:14","marketing@greers.com","Manual","How did we do? Complete our survey for a chance to win FREE groceries!","2024-05-13T14:40:41","",12,18,3,0,100,0,0.7,0,1,0,0,12,0,1,26,0,"","Sent","",0,"","Greer's",43732414,"Greer's","Online Shopping Survey - 5.13.24","2024-05-13T14:41:15"
13681,"marketing@greers.com",29856,"2024-05-16T14:30:38","marketing@greers.com","Manual","🌸 Blooming Savings at Greer's","2024-05-13T20:23:59","",7,23,0,0,159,0,0.2,0,0,0,0,5,0,0,29,0,"","Sent","",0,"","Greers",43739203,"Greers","5.15.24 Email Update for Greer's St. Louis Market","2024-05-16T15:00:10"
13681,"marketing@greers.com",29856,"2024-05-16T14:37:21","marketing@greers.com","Manual","🌸 Blooming Savings at Greer's","2024-05-13T20:24:08","",20,33,1,0,468,0,0.5,0,0,0,0,16,0,0,42,0,"","Sent","",0,"","Greers",43739209,"Greers","5.15.24 Email Update for MS CashSavers","2024-05-16T15:00:10"
13681,"marketing@greers.com",29856,"2024-05-16T14:39:49","marketing@greers.com","Manual","🌸 Blooming Savings at Greer's","2024-05-13T20:24:20","",43,153,8,0,2056,0,0.3,0,0,0,0,39,0,0,207,0,"","Sent","",0,"","Greers",43739216,"Greers","5.15.24 Email Update for AL CashSavers","2024-05-16T15:00:10"
13681,"marketing@greers.com",29856,"2024-05-16T14:38:48","marketing@greers.com","Manual","🌸 Blooming Savings at Greer's","2024-05-13T20:24:27","",8,49,3,0,560,0,0.2,0,0,0,0,8,0,0,62,0,"","Sent","",0,"","Greers",43739219,"Greers","5.15.24 Email Update for FL CashSavers","2024-05-16T15:00:11"
13681,"marketing@greers.com",29856,"2024-05-16T14:36:20","marketing@greers.com","Manual","🌸 Blooming Savings at Greer's","2024-05-13T20:24:38","",1,16,0,0,177,0,0.1,0,0,0,0,1,0,0,18,0,"","Sent","",0,"","Greers",43739223,"Greers","5.15.24 Email Update for Fairhope","2024-05-16T15:00:11"
13681,"marketing@greers.com",29856,"2024-05-16T14:34:30","marketing@greers.com","Manual","🌸 Blooming Savings at Greer's","2024-05-13T20:24:45","",1,14,3,0,139,0,0.1,0,0,0,0,1,0,0,20,0,"","Sent","",0,"","Greers",43739227,"Greers","5.15.24 Email Update for Dauphin Island Parkway","2024-05-16T15:00:11"
13681,"marketing@greers.com",29856,"2024-05-16T14:35:30","marketing@greers.com","Manual","🌸 Blooming Savings at Greer's","2024-05-13T20:24:52","",10,20,2,0,189,0,0.4,0,0,0,0,7,0,0,31,0,"","Sent","",0,"","Greers",43739229,"Greers","5.15.24 Email Update for Hurley & Jay","2024-05-16T15:00:12"
5190,"marketing@greers.com",34724,"2024-05-20T17:35:29","marketing@greers.com","Manual","How did we do? Complete our survey for a chance to win FREE groceries!","2024-05-20T17:34:50","",6,8,2,0,90,0,0.6,0,0,0,0,5,0,0,10,0,"","Sent","",0,"","Greer's",43868347,"Greer's","Online Shopping Survey - 5.20.24","2024-05-20T17:35:30"
13681,"marketing@greers.com",34724,"2024-05-20T18:46:45","marketing@greers.com","Manual","Thank You For Trying Greer's Groceries To Go!","2024-05-20T18:46:08","",0,0,0,0,6,0,0,0,0,0,0,0,0,0,0,0,"","Sent","",0,"","Greers",43869837,"Greers","5.20.24 - GGTG New Customer","2024-05-20T18:46:46"
13681,"marketing@greers.com",29856,"2024-05-22T15:12:22","marketing@greers.com","Manual","🇺🇸 Memorial Day - Remember and Honor 🇺🇸","2024-05-21T16:03:51","",6,22,3,0,189,0,0.2,0,0,0,0,5,0,0,42,0,"","Sent","",0,"","Greers",43889329,"Greers","5.22.24 Email Update for Hurley & Jay","2024-05-23T15:00:00"
13681,"marketing@greers.com",29856,"2024-05-22T15:13:21","marketing@greers.com","Manual","🇺🇸 Memorial Day - Remember and Honor 🇺🇸","2024-05-21T16:03:58","",3,19,2,0,139,0,0.2,0,0,0,0,3,0,0,30,0,"","Sent","",0,"","Greers",43889332,"Greers","5.22.24 Email Update for Dauphin Island Parkway","2024-05-23T15:00:00"
13681,"marketing@greers.com",29856,"2024-05-22T15:10:39","marketing@greers.com","Manual","🇺🇸 Memorial Day - Remember and Honor 🇺🇸","2024-05-21T16:04:05","",8,22,0,0,178,0,0.3,0,0,0,0,6,0,0,32,0,"","Sent","",0,"","Greers",43889335,"Greers","5.22.24 Email Update for Fairhope","2024-05-23T15:00:00"
13681,"marketing@greers.com",29856,"2024-05-22T15:14:18","marketing@greers.com","Manual","🇺🇸 Memorial Day - Remember and Honor 🇺🇸","2024-05-21T16:04:12","",21,75,1,0,562,0,0.3,0,0,0,0,19,1,0,107,0,"","Sent","",0,"","Greers",43889338,"Greers","5.22.24 Email Update for FL CashSavers","2024-05-23T15:00:01"
13681,"marketing@greers.com",29856,"2024-05-22T15:15:20","marketing@greers.com","Manual","🇺🇸 Memorial Day - Remember and Honor 🇺🇸","2024-05-21T16:04:25","",76,234,8,0,2057,0,0.3,0,0,0,0,60,0,0,331,0,"","Sent","",0,"","Greers",43889345,"Greers","5.22.24 Email Update for AL CashSavers","2024-05-23T15:00:01"
13681,"marketing@greers.com",29856,"2024-05-22T15:16:23","marketing@greers.com","Manual","🇺🇸 Memorial Day - Remember and Honor 🇺🇸","2024-05-21T16:04:33","",16,42,0,0,468,0,0.3,0,0,0,0,13,1,0,58,0,"","Sent","",0,"","Greers",43889352,"Greers","5.22.24 Email Update for MS CashSavers","2024-05-23T15:00:01"
13681,"marketing@greers.com",29856,"2024-05-22T15:17:20","marketing@greers.com","Manual","🇺🇸 Memorial Day - Remember and Honor 🇺🇸","2024-05-21T16:04:39","",9,17,0,0,160,0,0.4,0,0,0,0,6,0,0,22,0,"","Sent","",0,"","Greers",43889355,"Greers","5.22.24 Email Update for Greer's St. Louis Market","2024-05-23T15:00:02"
13681,"marketing@greers.com",29856,"2024-05-30T15:56:26","marketing@greers.com","Manual","Better choices at the best price","2024-05-28T14:43:01","",51,206,8,0,2060,0,0.2,0,0,0,0,42,1,0,272,0,"","Sent","",0,"","Greers",44016903,"Greers","5.29.24 Email Update for AL CashSavers","2024-05-30T16:00:00"
13681,"marketing@greers.com",29856,"2024-05-30T15:57:26","marketing@greers.com","Manual","Better choices at the best price","2024-05-28T14:43:16","",4,19,0,0,178,0,0.2,0,0,0,0,4,0,0,27,0,"","Sent","",0,"","Greers",44016909,"Greers","5.29.24 Email Update for Fairhope","2024-05-30T16:00:00"
13681,"marketing@greers.com",29856,"2024-05-30T15:58:29","marketing@greers.com","Manual","Better choices at the best price","2024-05-28T14:43:30","",2,18,4,0,139,0,0.1,0,0,0,0,2,0,0,26,0,"","Sent","",0,"","Greers",44016915,"Greers","5.29.24 Email Update for Dauphin Island Parkway","2024-05-30T16:00:00"
13681,"marketing@greers.com",29856,"2024-05-30T16:00:10","marketing@greers.com","Manual","Better choices at the best price","2024-05-28T14:42:45","",6,21,0,0,161,0,0.2,0,0,0,0,4,1,0,27,0,"","Sent","",0,"","Greers",44016896,"Greers","5.29.24 Email Update for Greer's St. Louis Market","2024-05-30T16:00:11"
13681,"marketing@greers.com",29856,"2024-05-30T16:01:46","marketing@greers.com","Manual","Better choices at the best price","2024-05-28T14:42:54","",12,29,0,0,467,0,0.3,0,0,0,0,10,0,0,36,0,"","Sent","",0,"","Greers",44016900,"Greers","5.29.24 Email Update for MS CashSavers","2024-05-30T16:01:47"
13681,"marketing@greers.com",29856,"2024-05-30T16:02:47","marketing@greers.com","Manual","Better choices at the best price","2024-05-28T14:43:09","",20,69,2,0,561,0,0.3,0,0,0,0,18,0,0,80,0,"","Sent","",0,"","Greers",44016906,"Greers","5.29.24 Email Update for FL CashSavers","2024-05-30T16:02:48"
13681,"marketing@greers.com",29856,"2024-05-30T16:06:19","marketing@greers.com","Manual","Better choices at the best price","2024-05-28T14:43:40","",17,29,3,0,189,0,0.4,0,0,0,0,11,1,0,39,0,"","Sent","",0,"","Greers",44016920,"Greers","5.29.24 Email Update for Hurley & Jay","2024-05-30T16:06:20"
5190,"marketing@greers.com",34724,"2024-06-03T14:12:18","marketing@greers.com","Manual","How did we do? Complete our survey for a chance to win FREE groceries!","2024-06-03T14:10:14","",19,30,1,0,168,0,0.6,0,0,0,0,17,0,0,43,0,"","Sent","",0,"","Greer's",44137614,"Greer's","Online Shopping Survey - 6.3.24","2024-06-03T14:12:19"
13681,"marketing@greers.com",34724,"2024-06-03T14:33:26","marketing@greers.com","Manual","Thank You For Trying Greer's Groceries To Go!","2024-06-03T14:26:28","",0,3,0,0,14,0,0,0,0,0,0,0,0,0,5,0,"","Sent","",0,"","Greers",44137977,"Greers","6.3.24 - GGTG New Customer","2024-06-03T14:33:30"
13681,"marketing@greers.com",29856,"2024-06-04T20:34:13","marketing@greers.com","Manual","Nutrition as nature intended","2024-06-04T20:26:13","",4,166,13,0,2161,0,0,0,0,0,0,4,0,0,187,0,"","Sent","",0,"","Greer's",44166290,"Greer's","6.6.24 Purina ONE Instinct","2024-06-06T11:02:27"
13681,"marketing@greers.com",29856,"2024-06-04T19:19:43","marketing@greers.com","Manual","🌭 🍅 Fresh flavors of summer 🏖️","2024-06-03T19:26:03","",9,20,3,0,187,0,0.4,0,0,0,0,7,0,0,47,0,"","Sent","",0,"","Greers",44144094,"Greers","6.5.24 Email Update for Hurley & Jay","2024-06-06T15:00:00"
13681,"marketing@greers.com",29856,"2024-06-04T19:21:17","marketing@greers.com","Manual","🌭 🍅 Fresh flavors of summer 🏖️","2024-06-03T19:26:15","",4,15,4,0,141,0,0.3,0,0,0,0,4,0,0,18,0,"","Sent","",0,"","Greers",44144098,"Greers","6.5.24 Email Update for Dauphin Island Parkway","2024-06-06T15:00:00"
13681,"marketing@greers.com",29856,"2024-06-04T19:22:10","marketing@greers.com","Manual","🌭 🍅 Fresh flavors of summer 🏖️","2024-06-03T19:26:27","",2,13,0,0,178,0,0.2,0,0,0,0,2,0,0,20,0,"","Sent","",0,"","Greers",44144102,"Greers","6.5.24 Email Update for Fairhope","2024-06-06T15:00:00"
13681,"marketing@greers.com",29856,"2024-06-04T19:24:34","marketing@greers.com","Manual","🌭 🍅 Fresh flavors of summer 🏖️","2024-06-03T19:26:39","",67,181,8,0,2060,0,0.3,0,0,0,0,54,0,0,262,0,"","Sent","",0,"","Greers",44144108,"Greers","6.5.24 Email Update for AL CashSavers","2024-06-06T15:00:01"
13681,"marketing@greers.com",29856,"2024-06-04T19:27:05","marketing@greers.com","Manual","🌭 🍅 Fresh flavors of summer 🏖️","2024-06-03T19:26:49","",20,37,0,0,467,0,0.5,0,0,0,0,17,0,0,43,0,"","Sent","",0,"","Greers",44144111,"Greers","6.5.24 Email Update for MS CashSavers","2024-06-06T15:00:01"
13681,"marketing@greers.com",29856,"2024-06-04T19:27:56","marketing@greers.com","Manual","🌭 🍅 Fresh flavors of summer 🏖️","2024-06-03T19:26:56","",14,59,2,0,561,0,0.2,0,0,0,0,12,0,0,74,0,"","Sent","",0,"","Greers",44144113,"Greers","6.5.24 Email Update for FL CashSavers","2024-06-06T15:00:02"
13681,"marketing@greers.com",29856,"2024-06-06T13:59:14","marketing@greers.com","Manual","🌭 🍅 Fresh flavors of summer 🏖️","2024-06-03T19:27:02","",4,19,0,0,160,0,0.1,0,0,0,0,2,0,0,24,0,"","Sent","",0,"","Greers",44144114,"Greers","6.5.24 Email Update for Greer's St. Louis Market","2024-06-06T15:00:02"
13681,"marketing@greers.com",34724,"2024-06-10T14:17:42","marketing@greers.com","Manual","Thank You For Trying Greer's Groceries To Go!","2024-06-10T14:17:07","",4,3,0,0,10,0,0.3,0,0,0,0,1,0,0,19,0,"","Sent","",0,"","Greers",44262583,"Greers","6.10.24 - GGTG New Customer","2024-06-10T14:17:43"
5190,"marketing@greers.com",34724,"2024-06-10T14:22:39","marketing@greers.com","Manual","How did we do? Complete our survey for a chance to win FREE groceries!","2024-06-10T14:22:09","",9,13,4,0,98,0,0.6,0,0,0,0,8,0,0,23,0,"","Sent","",0,"","Greer's",44262657,"Greer's","Online Shopping Survey - 6.10.24","2024-06-10T14:22:40"
13681,"marketing@greers.com",29856,"2024-06-11T21:54:58","marketing@greers.com","Manual","🧇 A new way to add protein to breakfast","2024-06-11T21:48:22","",25,284,17,0,3244,0,0.1,0,0,0,0,24,1,0,354,0,"","Sent","",0,"","Greer's",44286832,"Greer's","6.13.24 Hometown Foods","2024-06-13T11:00:18"
13681,"marketing@greers.com",29856,"2024-06-12T18:22:22","marketing@greers.com","Manual","👨‍🍼 🥩 Happy Father's Day from Greer's!","2024-06-10T15:23:19","",6,16,0,0,162,0,0.3,0,0,0,0,4,0,0,20,0,"","Sent","",0,"","Greers",44263735,"Greers","6.12.24 Email Update for Greer's St. Louis Market","2024-06-13T15:00:00"
13681,"marketing@greers.com",29856,"2024-06-12T18:26:05","marketing@greers.com","Manual","👨‍🍼 🥩 Happy Father's Day from Greer's!","2024-06-10T15:23:29","",12,53,1,0,561,0,0.2,0,0,0,0,9,0,0,68,0,"","Sent","",0,"","Greers",44263738,"Greers","6.12.24 Email Update for FL CashSavers","2024-06-13T15:00:00"
13681,"marketing@greers.com",29856,"2024-06-12T18:27:01","marketing@greers.com","Manual","👨‍🍼 🥩 Happy Father's Day from Greer's!","2024-06-10T15:23:37","",12,34,0,0,467,0,0.3,0,0,0,0,11,0,0,43,0,"","Sent","",0,"","Greers",44263740,"Greers","6.12.24 Email Update for MS CashSavers","2024-06-13T15:00:01"
13681,"marketing@greers.com",29856,"2024-06-12T18:27:54","marketing@greers.com","Manual","👨‍🍼 🥩 Happy Father's Day from Greer's!","2024-06-10T15:23:44","",69,176,10,0,2058,0,0.3,0,0,0,0,57,1,0,261,0,"","Sent","",0,"","Greers",44263742,"Greers","6.12.24 Email Update for AL CashSavers","2024-06-13T15:00:01"
13681,"marketing@greers.com",29856,"2024-06-12T18:25:07","marketing@greers.com","Manual","👨‍🍼 🥩 Happy Father's Day from Greer's!","2024-06-10T15:23:53","",4,16,0,0,179,0,0.3,0,0,0,0,4,0,0,27,0,"","Sent","",0,"","Greers",44263745,"Greers","6.12.24 Email Update for Fairhope","2024-06-13T15:00:01"
13681,"marketing@greers.com",29856,"2024-06-12T18:24:12","marketing@greers.com","Manual","👨‍🍼 🥩 Happy Father's Day from Greer's!","2024-06-10T15:24:05","",4,16,3,0,141,0,0.2,0,0,0,0,3,0,0,26,0,"","Sent","",0,"","Greers",44263749,"Greers","6.12.24 Email Update for Dauphin Island Parkway","2024-06-13T15:00:02"
13681,"marketing@greers.com",29856,"2024-06-12T18:23:21","marketing@greers.com","Manual","👨‍🍼 🥩 Happy Father's Day from Greer's!","2024-06-10T15:24:12","",8,17,3,0,188,0,0.3,0,0,0,0,5,0,0,29,0,"","Sent","",0,"","Greers",44263751,"Greers","6.12.24 Email Update for Hurley & Jay","2024-06-13T15:00:02"
5190,"marketing@greers.com",34724,"2024-06-17T18:34:23","marketing@greers.com","Manual","How did we do? Complete our survey for a chance to win FREE groceries!","2024-06-17T18:33:47","",16,21,4,0,113,0,0.7,0,0,0,0,14,0,0,31,0,"","Sent","",0,"","Greer's",44373984,"Greer's","Online Shopping Survey - 6.17.24","2024-06-17T18:34:24"
13681,"marketing@greers.com",34724,"2024-06-17T18:41:33","marketing@greers.com","Manual","Thank You For Trying Greer's Groceries To Go!","2024-06-17T18:41:10","",0,1,0,0,9,0,0,0,0,0,0,0,0,0,3,0,"","Sent","",0,"","Greers",44374142,"Greers","6.17.24 - GGTG New Customer (Copy)","2024-06-17T18:41:34"
13681,"marketing@greers.com",29856,"2024-06-20T14:20:56","marketing@greers.com","Manual","🔥 Sizzlin' ☀️ Summer Savings","2024-06-18T14:23:22","",5,17,3,0,141,0,0.2,0,0,0,0,4,0,0,26,0,"","Sent","",0,"","Greers",44388643,"Greers","6.19.24 Email Update for Dauphin Island Parkway","2024-06-20T15:00:00"
13681,"marketing@greers.com",29856,"2024-06-20T14:20:07","marketing@greers.com","Manual","🔥 Sizzlin' ☀️ Summer Savings","2024-06-18T14:23:54","",1,13,0,0,180,0,0.1,0,0,0,0,1,0,0,17,0,"","Sent","",0,"","Greers",44388655,"Greers","6.19.24 Email Update for Fairhope","2024-06-20T15:00:01"
13681,"marketing@greers.com",29856,"2024-06-20T14:16:40","marketing@greers.com","Manual","🔥 Sizzlin' ☀️ Summer Savings","2024-06-18T14:24:06","",64,156,10,0,2058,0,0.3,0,0,0,0,52,2,0,221,0,"","Sent","",0,"","Greers",44388661,"Greers","6.19.24 Email Update for AL CashSavers","2024-06-20T15:00:01"
13681,"marketing@greers.com",29856,"2024-06-20T14:17:29","marketing@greers.com","Manual","🔥 Sizzlin' ☀️ Summer Savings","2024-06-18T14:24:21","",11,36,0,0,468,0,0.3,0,0,0,0,11,0,0,42,0,"","Sent","",0,"","Greers",44388667,"Greers","6.19.24 Email Update for MS CashSavers","2024-06-20T15:00:02"
13681,"marketing@greers.com",29856,"2024-06-20T14:08:13","marketing@greers.com","Manual","🔥 Sizzlin' ☀️ Summer Savings","2024-06-18T14:24:35","",4,10,0,0,163,0,0.2,0,0,0,0,2,0,0,12,0,"","Sent","",0,"","Greers",44388673,"Greers","6.19.24 Email Update for Greer's St. Louis Market","2024-06-20T15:00:02"
13681,"marketing@greers.com",29856,"2024-06-20T14:18:44","marketing@greers.com","Manual","🔥 Sizzlin' ☀️ Summer Savings","2024-06-18T14:26:04","",11,49,2,0,564,0,0.2,0,0,0,0,11,0,0,70,0,"","Sent","",0,"","Greers",44388711,"Greers","6.19.24 Email Update for FL CashSavers","2024-06-20T15:00:02"
13681,"marketing@greers.com",29856,"2024-06-20T15:05:32","marketing@greers.com","Manual","🔥 Sizzlin' ☀️ Summer Savings","2024-06-18T14:23:06","",10,19,2,0,188,0,0.4,0,0,0,0,8,0,0,28,0,"","Sent","",0,"","Greers",44388634,"Greers","6.19.24 Email Update for Hurley & Jay","2024-06-20T15:05:33"
5190,"marketing@greers.com",34724,"2024-06-24T18:04:51","marketing@greers.com","Manual","How did we do? Complete our survey for a chance to win FREE groceries!","2024-06-24T18:04:14","",4,12,0,0,121,0,0.3,0,0,0,0,4,0,0,13,0,"","Sent","",0,"","Greer's",44484495,"Greer's","Online Shopping Survey - 6.24.24","2024-06-24T18:04:52"
13681,"marketing@greers.com",34724,"2024-06-24T18:14:53","marketing@greers.com","Manual","Thank You For Trying Greer's Groceries To Go!","2024-06-24T18:14:14","",2,6,0,0,11,0,0.2,0,0,0,0,1,0,0,9,0,"","Sent","",0,"","Greers",44484670,"Greers","6.24.24 - GGTG New Customer","2024-06-24T18:14:54"
13681,"marketing@greers.com",29856,"2024-06-24T15:42:41","marketing@greers.com","Manual","🧀 Excite your taste buds","2024-06-24T15:37:48","",1,9,0,0,94,0,0.1,0,0,0,0,1,0,0,10,0,"","Sent","",0,"","Greer's",44481928,"Greer's","6.27.24 Hometown Foods - Shop Vancleave","2024-06-27T13:00:00"
13681,"marketing@greers.com",29856,"2024-06-27T14:32:48","marketing@greers.com","Manual","🇺🇸 Happy 4th of July from Greer's!","2024-06-24T15:43:07","",14,32,2,0,188,0,0.3,0,0,0,0,10,0,0,66,0,"","Sent","",0,"","Greers",44482035,"Greers","6.26.24 Email Update for Hurley & Jay","2024-06-27T15:00:03"
13681,"marketing@greers.com",29856,"2024-06-27T14:24:53","marketing@greers.com","Manual","🇺🇸 Happy 4th of July from Greer's!","2024-06-24T15:43:32","",19,76,4,0,564,0,0.3,0,0,0,0,19,0,0,122,0,"","Sent","",0,"","Greers",44482046,"Greers","6.26.24 Email Update for FL CashSavers","2024-06-27T15:00:03"
13681,"marketing@greers.com",29856,"2024-06-27T14:19:50","marketing@greers.com","Manual","🇺🇸 Happy 4th of July from Greer's!","2024-06-24T15:43:38","",8,19,1,0,163,0,0.2,0,0,0,0,4,0,0,31,0,"","Sent","",0,"","Greers",44482048,"Greers","6.26.24 Email Update for Greer's St. Louis Market","2024-06-27T15:00:04"
13681,"marketing@greers.com",29856,"2024-06-27T14:35:22","marketing@greers.com","Manual","🇺🇸 Happy 4th of July from Greer's!","2024-06-24T15:43:49","",17,46,1,0,468,0,0.4,0,0,0,0,17,0,0,59,0,"","Sent","",0,"","Greers",44482052,"Greers","6.26.24 Email Update for MS CashSavers","2024-06-27T15:00:04"
13681,"marketing@greers.com",29856,"2024-06-27T14:38:03","marketing@greers.com","Manual","🇺🇸 Happy 4th of July from Greer's!","2024-06-24T15:44:09","",69,226,15,0,2059,0,0.3,0,0,0,0,59,0,0,339,0,"","Sent","",0,"","Greers",44482060,"Greers","6.26.24 Email Update for AL CashSavers","2024-06-27T15:00:04"
13681,"marketing@greers.com",29856,"2024-06-27T14:22:39","marketing@greers.com","Manual","🇺🇸 Happy 4th of July from Greer's!","2024-06-24T15:44:15","",5,20,0,0,180,0,0.1,0,0,0,0,2,0,0,24,0,"","Sent","",0,"","Greers",44482064,"Greers","6.26.24 Email Update for Fairhope","2024-06-27T15:00:04"
13681,"marketing@greers.com",29856,"2024-06-27T13:47:19","marketing@greers.com","Manual","🇺🇸 Happy 4th of July from Greer's!","2024-06-24T15:44:22","",2,22,3,0,142,0,0.1,0,0,0,0,2,0,0,32,0,"","Sent","",0,"","Greers",44482067,"Greers","6.26.24 Email Update for Dauphin Island Parkway","2024-06-27T15:00:05"
13681,"marketing@greers.com",34724,"2024-07-01T19:18:24","marketing@greers.com","Manual","Thank You For Trying Greer's Groceries To Go!","2024-07-01T19:17:50","",0,1,0,0,8,0,0,0,0,0,0,0,0,0,1,0,"","Sent","",0,"","Greers",44599771,"Greers","7.1.24 - GGTG New Customer","2024-07-01T19:18:30"
5190,"marketing@greers.com",34724,"2024-07-01T19:19:14","marketing@greers.com","Manual","How did we do? Complete our survey for a chance to win FREE groceries!","2024-07-01T19:18:44","",10,18,1,0,88,0,0.5,0,0,0,0,9,0,0,29,0,"","Sent","",0,"","Greer's",44599782,"Greer's","Online Shopping Survey - 7.1.24","2024-07-01T19:19:15"
13681,"marketing@greers.com",29856,"2024-07-02T20:56:42","marketing@greers.com","Manual","🇺🇸 Happy 4th of July! 🇺🇸","2024-06-28T18:55:36","",3,19,3,0,142,0,0.2,0,0,0,0,3,0,0,23,0,"","Sent","",0,"","Greers",44557146,"Greers","7.3.24 Email Update for Dauphin Island Parkway","2024-07-04T15:00:00"
13681,"marketing@greers.com",29856,"2024-07-02T20:58:07","marketing@greers.com","Manual","🇺🇸 Happy 4th of July! 🇺🇸","2024-06-28T18:55:50","",0,9,0,0,180,0,0,0,0,0,0,0,0,0,11,0,"","Sent","",0,"","Greers",44557150,"Greers","7.3.24 Email Update for Fairhope","2024-07-04T15:00:01"
13681,"marketing@greers.com",29856,"2024-07-02T20:52:24","marketing@greers.com","Manual","🇺🇸 Happy 4th of July! 🇺🇸","2024-06-28T18:56:06","",42,150,12,0,2057,0,0.2,0,0,0,0,36,2,0,202,0,"","Sent","",0,"","Greers",44557157,"Greers","7.3.24 Email Update for AL CashSavers","2024-07-04T15:00:01"
13681,"marketing@greers.com",29856,"2024-07-02T20:55:20","marketing@greers.com","Manual","🇺🇸 Happy 4th of July! 🇺🇸","2024-06-28T18:56:13","",21,37,2,0,468,0,0.3,0,0,0,0,12,0,0,63,0,"","Sent","",0,"","Greers",44557158,"Greers","7.3.24 Email Update for MS CashSavers","2024-07-04T15:00:02"
13681,"marketing@greers.com",29856,"2024-07-02T20:53:19","marketing@greers.com","Manual","🇺🇸 Happy 4th of July! 🇺🇸","2024-06-28T18:56:23","",9,41,3,0,562,0,0.2,0,0,0,0,8,0,0,53,0,"","Sent","",0,"","Greers",44557159,"Greers","7.3.24 Email Update for FL CashSavers","2024-07-04T15:00:02"
13681,"marketing@greers.com",29856,"2024-07-02T20:57:20","marketing@greers.com","Manual","🇺🇸 Happy 4th of July! 🇺🇸","2024-06-28T18:56:31","",4,18,1,0,163,0,0.1,0,0,0,0,2,0,0,23,0,"","Sent","",0,"","Greers",44557161,"Greers","7.3.24 Email Update for Greer's St. Louis Market","2024-07-04T15:00:02"
13681,"marketing@greers.com",29856,"2024-07-02T20:56:00","marketing@greers.com","Manual","🇺🇸 Happy 4th of July! 🇺🇸","2024-06-28T18:56:40","",4,14,3,0,188,0,0.3,0,0,0,0,4,0,0,19,0,"","Sent","",0,"","Greers",44557162,"Greers","7.3.24 Email Update for Hurley & Jay","2024-07-04T15:00:02"
5190,"marketing@greers.com",34724,"2024-07-08T13:59:31","marketing@greers.com","Manual","How did we do? Complete our survey for a chance to win FREE groceries!","2024-07-08T13:58:51","",11,19,1,0,101,0,0.4,0,0,0,0,8,0,0,31,0,"","Sent","",0,"","Greer's",44697273,"Greer's","Online Shopping Survey - 7.8.24","2024-07-08T13:59:32"
13681,"marketing@greers.com",34724,"2024-07-08T14:03:15","marketing@greers.com","Manual","Thank You For Trying Greer's Groceries To Go!","2024-07-08T14:02:40","",0,1,0,0,9,0,0,0,0,0,0,0,0,0,1,0,"","Sent","",0,"","Greers",44697375,"Greers","7.8.24 - GGTG New Customer","2024-07-08T14:03:17"
13681,"marketing@greers.com",29856,"2024-07-06T01:41:22","marketing@greers.com","Manual","🍔 The Great Summer Flavor Debate","2024-07-06T01:07:52","",52,241,12,0,3240,0,0.2,0,0,0,0,38,3,0,317,0,"","Sent","",0,"","Greer's",44665266,"Greer's","7.9.24 KHC Summer Grilling","2024-07-09T11:00:00"
13681,"marketing@greers.com",29856,"2024-07-10T16:53:30","marketing@greers.com","Manual","🤠 Get your hats on and saddle up 🤠","2024-07-03T21:00:10","",2,22,1,0,141,0,0.1,0,0,0,0,2,0,0,33,0,"","Sent","",0,"","Greers",44635810,"Greers","7.10.24 Email Update for Dauphin Island Parkway","2024-07-11T15:00:00"
13681,"marketing@greers.com",29856,"2024-07-10T16:56:04","marketing@greers.com","Manual","🤠 Get your hats on and saddle up 🤠","2024-07-03T21:00:18","",17,44,2,0,468,0,0.4,0,0,0,0,16,0,0,50,0,"","Sent","",0,"","Greers",44635815,"Greers","7.10.24 Email Update for MS CashSavers","2024-07-11T15:00:00"
13681,"marketing@greers.com",29856,"2024-07-10T16:56:45","marketing@greers.com","Manual","🤠 Get your hats on and saddle up 🤠","2024-07-03T21:00:25","",53,157,8,0,2053,0,0.3,0,0,0,0,42,3,0,225,0,"","Sent","",0,"","Greers",44635822,"Greers","7.10.24 Email Update for AL CashSavers","2024-07-11T15:00:01"
13681,"marketing@greers.com",29856,"2024-07-10T16:55:25","marketing@greers.com","Manual","🤠 Get your hats on and saddle up 🤠","2024-07-03T21:00:56","",12,54,1,0,561,0,0.2,0,0,0,0,11,1,0,76,0,"","Sent","",0,"","Greers",44635840,"Greers","7.10.24 Email Update for FL CashSavers","2024-07-11T15:00:01"
13681,"marketing@greers.com",29856,"2024-07-10T16:52:52","marketing@greers.com","Manual","🤠 Get your hats on and saddle up 🤠","2024-07-03T21:01:40","",12,21,1,0,188,0,0.3,0,0,0,0,7,0,0,38,0,"","Sent","",0,"","Greers",44635855,"Greers","7.10.24 Email Update for Hurley & Jay","2024-07-11T15:00:01"
13681,"marketing@greers.com",29856,"2024-07-10T16:54:12","marketing@greers.com","Manual","🤠 Get your hats on and saddle up 🤠","2024-07-03T21:01:49","",5,18,1,0,164,0,0.1,0,0,0,0,2,0,0,24,0,"","Sent","",0,"","Greers",44635856,"Greers","7.10.24 Email Update for Greer's St. Louis Market","2024-07-11T15:00:02"
13681,"marketing@greers.com",29856,"2024-07-10T16:54:48","marketing@greers.com","Manual","🤠 Get your hats on and saddle up 🤠","2024-07-03T21:01:59","",2,15,0,0,180,0,0.1,0,0,0,0,2,0,0,16,0,"","Sent","",0,"","Greers",44635857,"Greers","7.10.24 Email Update for Fairhope","2024-07-11T15:00:02"
5190,"marketing@greers.com",34724,"2024-07-15T20:50:04","marketing@greers.com","Manual","How did we do? Complete our survey for a chance to win FREE groceries!","2024-07-15T20:46:41","",11,19,0,0,109,0,0.5,0,0,0,0,10,0,0,25,0,"","Sent","",0,"","Greer's",44821426,"Greer's","Online Shopping Survey - 7.15.24","2024-07-15T20:50:05"
13681,"marketing@greers.com",34724,"2024-07-15T21:05:14","marketing@greers.com","Manual","Thank You For Trying Greer's Groceries To Go!","2024-07-15T21:03:56","",0,2,0,0,13,0,0,0,0,0,0,0,0,0,2,0,"","Sent","",0,"","Greers",44822168,"Greers","7.15.24 - GGTG New Customer","2024-07-15T21:05:15"
13681,"marketing@greers.com",29856,"2024-07-10T15:39:06","marketing@greers.com","Manual","🐾 Take the challenge. See the change.","2024-07-10T15:33:56","",15,238,12,0,3238,0,0.1,0,0,0,0,15,3,0,279,0,"","Sent","",0,"","Greer's",44727988,"Greer's","7.18.24 Purina","2024-07-18T11:00:08"
13681,"marketing@greers.com",29856,"2024-07-16T19:23:19","marketing@greers.com","Manual","🤠 🎉 The celebration continues at Greer's","2024-07-12T19:52:35","",4,17,0,0,180,0,0.2,0,0,0,0,4,0,0,20,0,"","Sent","",0,"","Greers",44760548,"Greers","7.17.24 Email Update for Fairhope","2024-07-18T15:00:00"
13681,"marketing@greers.com",29856,"2024-07-16T19:21:58","marketing@greers.com","Manual","🤠 🎉 The celebration continues at Greer's","2024-07-12T19:52:49","",9,22,1,0,164,0,0.3,0,0,0,0,7,1,0,23,0,"","Sent","",0,"","Greers",44760550,"Greers","7.17.24 Email Update for Greer's St. Louis Market","2024-07-18T15:00:00"
13681,"marketing@greers.com",29856,"2024-07-16T19:28:01","marketing@greers.com","Manual","🤠 🎉 The celebration continues at Greer's","2024-07-12T19:53:33","",19,30,2,0,467,0,0.5,0,0,0,0,16,0,0,36,0,"","Sent","",0,"","Greers",44760564,"Greers","7.17.24 Email Update for MS CashSavers","2024-07-18T15:00:00"
13681,"marketing@greers.com",29856,"2024-07-16T19:29:18","marketing@greers.com","Manual","🤠 🎉 The celebration continues at Greer's","2024-07-12T19:53:26","",58,166,8,0,2053,0,0.3,0,0,0,0,47,2,0,242,0,"","Sent","",0,"","Greers",44760562,"Greers","7.17.24 Email Update for AL CashSavers","2024-07-18T15:00:01"
13681,"marketing@greers.com",29856,"2024-07-16T19:26:45","marketing@greers.com","Manual","🤠 🎉 The celebration continues at Greer's","2024-07-12T19:53:17","",14,51,0,0,561,0,0.3,0,0,0,0,13,0,0,64,0,"","Sent","",0,"","Greers",44760558,"Greers","7.17.24 Email Update for FL CashSavers","2024-07-18T15:00:01"
13681,"marketing@greers.com",29856,"2024-07-16T19:24:32","marketing@greers.com","Manual","🤠 🎉 The celebration continues at Greer's","2024-07-12T19:52:56","",6,19,2,0,188,0,0.3,0,0,0,0,6,0,0,27,0,"","Sent","",0,"","Greers",44760551,"Greers","7.17.24 Email Update for Hurley & Jay","2024-07-18T15:00:02"
13681,"marketing@greers.com",29856,"2024-07-16T19:25:38","marketing@greers.com","Manual","🤠 🎉 The celebration continues at Greer's","2024-07-12T19:53:10","",5,18,2,0,140,0,0.3,0,0,0,0,5,0,0,30,0,"","Sent","",0,"","Greers",44760555,"Greers","7.17.24 Email Update for Dauphin Island Parkway","2024-07-18T15:00:02"
5190,"marketing@greers.com",34724,"2024-07-22T14:01:55","marketing@greers.com","Manual","How did we do? Complete our survey for a chance to win FREE groceries!","2024-07-22T14:01:22","",3,13,3,0,107,0,0.2,0,0,0,0,3,0,0,28,0,"","Sent","",0,"","Greer's",44960118,"Greer's","Online Shopping Survey - 7.22.24","2024-07-22T14:02:00"
13681,"marketing@greers.com",34724,"2024-07-22T14:04:59","marketing@greers.com","Manual","Thank You For Trying Greer's Groceries To Go!","2024-07-22T14:04:30","",0,2,0,0,10,0,0,0,0,0,0,0,0,0,5,0,"","Sent","",0,"","Greers",44960180,"Greers","7.22.24 - GGTG New Customer","2024-07-22T14:05:00"
13681,"marketing@greers.com",29856,"2024-07-23T14:04:47","marketing@greers.com","Manual","🤠 Don't miss Customer Appreciation Days","2024-07-17T20:42:37","",16,35,3,0,466,0,0.3,0,0,0,0,12,0,0,41,0,"","Sent","",0,"","Greers",44867406,"Greers","7.24.24 Email Update for MS CashSavers","2024-07-25T15:00:00"
13681,"marketing@greers.com",29856,"2024-07-23T14:05:43","marketing@greers.com","Manual","🤠 Don't miss Customer Appreciation Days","2024-07-17T20:42:48","",67,178,10,0,2053,0,0.3,0,0,0,0,58,0,0,255,0,"","Sent","",0,"","Greers",44867410,"Greers","7.24.24 Email Update for AL CashSavers","2024-07-25T15:00:01"
13681,"marketing@greers.com",29856,"2024-07-23T14:07:47","marketing@greers.com","Manual","🤠 Don't miss Customer Appreciation Days","2024-07-17T20:43:04","",17,53,1,0,564,0,0.3,0,0,0,0,15,0,0,72,0,"","Sent","",0,"","Greers",44867417,"Greers","7.24.24 Email Update for FL CashSavers","2024-07-25T15:00:01"
13681,"marketing@greers.com",29856,"2024-07-23T14:14:27","marketing@greers.com","Manual","🤠 Don't miss Customer Appreciation Days","2024-07-17T20:43:18","",1,19,3,0,140,0,0.1,0,0,0,0,1,0,0,26,0,"","Sent","",0,"","Greers",44867421,"Greers","7.24.24 Email Update for Dauphin Island Parkway","2024-07-25T15:00:02"
13681,"marketing@greers.com",29856,"2024-07-23T14:16:00","marketing@greers.com","Manual","🤠 Don't miss Customer Appreciation Days","2024-07-17T20:43:25","",15,21,2,0,189,0,0.5,0,0,0,0,10,0,0,46,0,"","Sent","",0,"","Greers",44867426,"Greers","7.24.24 Email Update for Hurley & Jay","2024-07-25T15:00:02"
13681,"marketing@greers.com",29856,"2024-07-23T14:09:26","marketing@greers.com","Manual","🤠 Don't miss Customer Appreciation Days","2024-07-17T20:43:33","",6,20,1,0,164,0,0.2,0,0,0,0,4,0,0,24,0,"","Sent","",0,"","Greers",44867428,"Greers","7.24.24 Email Update for Greer's St. Louis Market","2024-07-25T15:00:02"
13681,"marketing@greers.com",29856,"2024-07-23T14:11:55","marketing@greers.com","Manual","🤠 Don't miss Customer Appreciation Days","2024-07-17T20:43:40","",6,19,0,0,180,0,0.3,0,0,0,0,5,0,0,25,0,"","Sent","",0,"","Greers",44867432,"Greers","7.24.24 Email Update for Fairhope","2024-07-25T15:00:02"
13681,"marketing@greers.com",34724,"2024-07-29T20:15:18","marketing@greers.com","Manual","Thank You For Trying Greer's Groceries To Go!","2024-07-29T20:13:07","",0,13,1,0,95,0,0,0,0,0,0,0,0,0,22,0,"","Sent","",0,"","Greers",45034978,"Greers","7.29.24 - GGTG New Customer","2024-07-29T20:15:19"
13681,"marketing@greers.com",34724,"2024-07-29T20:23:58","marketing@greers.com","Manual","Thank You For Trying Greer's Groceries To Go!","2024-07-29T20:23:34","",0,1,0,0,6,0,0,0,0,0,0,0,0,0,1,0,"","Sent","",0,"","Greers",45035081,"Greers","7.29.24 - GGTG New Customer","2024-07-29T20:24:00"
5190,"marketing@greers.com",34724,"2024-07-29T20:25:06","marketing@greers.com","Manual","How did we do? Complete our survey for a chance to win FREE groceries!","2024-07-29T20:24:17","",7,13,0,0,94,0,0.5,0,0,0,0,7,0,0,14,0,"","Sent","",0,"","Greer's",45035086,"Greer's","Online Shopping Survey - 7.29.24","2024-07-29T20:25:07"
13681,"marketing@greers.com",29856,"2024-07-26T18:06:50","marketing@greers.com","Manual","🏖️ Fun in the Sun ☀️","2024-07-19T19:43:19","",14,42,4,0,466,0,0.3,0,0,0,0,13,0,0,50,0,"","Sent","",0,"","Greers",44909379,"Greers","7.31.24 Email Update for MS CashSavers","2024-08-01T15:00:00"
13681,"marketing@greers.com",29856,"2024-07-26T17:59:01","marketing@greers.com","Manual","🏖️ Fun in the Sun ☀️","2024-07-19T19:43:27","",50,167,8,0,2053,0,0.3,0,0,0,0,43,2,0,216,0,"","Sent","",0,"","Greers",44909382,"Greers","7.31.24 Email Update for AL CashSavers","2024-08-01T15:00:01"
13681,"marketing@greers.com",29856,"2024-07-26T17:59:46","marketing@greers.com","Manual","🏖️ Fun in the Sun ☀️","2024-07-19T19:43:41","",13,55,1,0,564,0,0.2,0,0,0,0,12,0,0,70,0,"","Sent","",0,"","Greers",44909387,"Greers","7.31.24 Email Update for FL CashSavers","2024-08-01T15:00:01"
13681,"marketing@greers.com",29856,"2024-07-26T18:39:35","marketing@greers.com","Manual","🏖️ Fun in the Sun ☀️","2024-07-19T19:43:48","",4,19,2,0,189,0,0.2,0,0,0,0,4,0,0,26,0,"","Sent","",0,"","Greers",44909391,"Greers","7.31.24 Email Update for Hurley & Jay","2024-08-01T15:00:01"
13681,"marketing@greers.com",29856,"2024-07-26T18:40:12","marketing@greers.com","Manual","🏖️ Fun in the Sun ☀️","2024-07-19T19:43:58","",1,13,3,0,140,0,0.1,0,0,0,0,1,0,0,21,0,"","Sent","",0,"","Greers",44909394,"Greers","7.31.24 Email Update for Dauphin Island Parkway","2024-08-01T15:00:02"
13681,"marketing@greers.com",29856,"2024-07-26T18:38:00","marketing@greers.com","Manual","🏖️ Fun in the Sun ☀️","2024-07-19T19:44:09","",3,19,0,0,180,0,0.2,0,0,0,0,3,0,0,24,0,"","Sent","",0,"","Greers",44909398,"Greers","7.31.24 Email Update for Fairhope","2024-08-01T15:00:02"
13681,"marketing@greers.com",29856,"2024-07-26T18:39:00","marketing@greers.com","Manual","🏖️ Fun in the Sun ☀️","2024-07-19T19:44:17","",2,13,1,0,165,0,0.2,0,0,0,0,2,1,0,15,0,"","Sent","",0,"","Greers",44909402,"Greers","7.31.24 Email Update for Greer's St. Louis Market","2024-08-01T15:00:02"
5190,"marketing@greers.com",34724,"2024-08-05T14:09:35","marketing@greers.com","Manual","How did we do? Complete our survey for a chance to win FREE groceries!","2024-08-05T14:08:47","",5,11,0,0,86,0,0.5,0,0,0,0,5,0,0,14,0,"","Sent","",0,"","Greer's",45076351,"Greer's","Online Shopping Survey - 8.5.24","2024-08-05T14:09:36"
13681,"marketing@greers.com",34724,"2024-08-05T14:37:01","marketing@greers.com","Manual","Thank You For Trying Greer's Groceries To Go!","2024-08-05T14:34:39","",0,1,0,0,6,0,0,0,0,0,0,0,0,0,1,0,"","Sent","",0,"","Greers",45076526,"Greers","8.5.24 - GGTG New Customer","2024-08-05T14:37:02"
13681,"marketing@greers.com",29856,"2024-07-18T23:55:20","marketing@greers.com","Manual","🧇 Make Mornings Fun","2024-07-18T20:34:40","",11,157,14,0,2081,0,0.1,0,0,0,0,10,2,0,183,0,"","Sent","",0,"","Greer's",44888960,"Greer's","8.8.24 Bob Evans - Pebbles Waffles","2024-08-08T11:00:05"
13681,"marketing@greers.com",29856,"2024-08-08T14:58:44","marketing@greers.com","Manual","Are you ready to go back to school?","2024-08-07T18:06:49","",2,17,0,0,162,0,0.1,0,0,0,0,2,1,0,20,0,"","Sent","",0,"","Greers",45094853,"Greers","8.7.24 Email Update for Greer's St. Louis Market","2024-08-08T15:15:00"
13681,"marketing@greers.com",29856,"2024-08-08T15:04:54","marketing@greers.com","Manual","Are you ready to go back to school?","2024-08-07T18:06:57","",1,12,0,0,180,0,0.1,0,0,0,0,1,0,0,13,0,"","Sent","",0,"","Greers",45094854,"Greers","8.7.24 Email Update for Fairhope","2024-08-08T15:15:00"
13681,"marketing@greers.com",29856,"2024-08-08T15:09:00","marketing@greers.com","Manual","Are you ready to go back to school?","2024-08-07T18:07:03","",1,16,3,0,141,0,0.1,0,0,0,0,1,0,0,18,0,"","Sent","",0,"","Greers",45094855,"Greers","8.7.24 Email Update for Dauphin Island Parkway","2024-08-08T15:15:00"
13681,"marketing@greers.com",29856,"2024-08-08T15:14:12","marketing@greers.com","Manual","Are you ready to go back to school?","2024-08-07T18:07:10","",6,20,2,0,189,0,0.3,0,0,0,0,6,0,0,40,0,"","Sent","",0,"","Greers",45094857,"Greers","8.7.24 Email Update for Hurley & Jay","2024-08-08T15:15:00"
13681,"marketing@greers.com",29856,"2024-08-08T15:13:09","marketing@greers.com","Manual","Are you ready to go back to school?","2024-08-07T18:07:19","",15,49,1,0,563,0,0.3,0,0,0,0,14,0,0,67,0,"","Sent","",0,"","Greers",45094861,"Greers","8.7.24 Email Update for FL CashSavers","2024-08-08T15:15:01"
13681,"marketing@greers.com",29856,"2024-08-08T15:10:31","marketing@greers.com","Manual","Are you ready to go back to school?","2024-08-07T18:07:26","",38,149,8,0,2047,0,0.2,0,0,0,0,35,0,0,195,0,"","Sent","",0,"","Greers",45094862,"Greers","8.7.24 Email Update for AL CashSavers","2024-08-08T15:15:01"
13681,"marketing@greers.com",29856,"2024-08-08T15:12:00","marketing@greers.com","Manual","Are you ready to go back to school?","2024-08-07T18:07:33","",17,37,2,0,464,0,0.4,0,0,0,0,15,0,0,49,0,"","Sent","",0,"","Greers",45094863,"Greers","8.7.24 Email Update for MS CashSavers","2024-08-08T15:15:01"
5190,"marketing@greers.com",34724,"2024-08-12T15:38:07","marketing@greers.com","Manual","How did we do? Complete our survey for a chance to win FREE groceries!","2024-08-12T15:37:26","",12,21,1,0,111,0,0.5,0,0,0,0,11,0,0,24,0,"","Sent","",0,"","Greer's",45126288,"Greer's","Online Shopping Survey - 8.12.24","2024-08-12T15:38:08"
13681,"marketing@greers.com",34724,"2024-08-12T15:41:13","marketing@greers.com","Manual","Thank You For Trying Greer's Groceries To Go!","2024-08-12T15:40:27","",0,1,0,0,5,0,0,0,0,0,0,0,0,0,1,0,"","Sent","",0,"","Greers",45126316,"Greers","8.12.24 - GGTG New Customer","2024-08-12T15:41:14"
13681,"marketing@greers.com",29856,"2024-08-12T19:40:13","marketing@greers.com","Manual","Add More Fun to School Days!","2024-08-12T19:34:34","",32,227,15,0,2834,0,0.1,0,0,0,0,24,2,0,261,0,"","Sent","",0,"","Greer's",45128323,"Greer's","8.13.24 Kraft - Lunchables","2024-08-13T11:00:04"
13681,"marketing@greers.com",29856,"2024-08-14T20:26:47","marketing@greers.com","Manual","💯 Perfectly Spiced. Perfectly Sliced. Perfectly Priced.","2024-08-14T20:19:11","",29,150,11,0,2078,0,0.2,0,0,1,0,25,1,0,194,0,"","Sent","",0,"","Greer's",45144441,"Greer's","8.15.24 Buddig","2024-08-15T11:00:11"
13681,"marketing@greers.com",29856,"2024-08-14T19:09:39","marketing@greers.com","Manual","👪 Gather and Gr️‍ill ️‍🔥","2024-08-12T19:58:20","",13,40,3,0,465,0,0.3,0,0,0,0,11,0,0,47,0,"","Sent","",0,"","Greers",45128485,"Greers","8.14.24 Email Update for MS CashSavers","2024-08-15T15:00:03"
13681,"marketing@greers.com",29856,"2024-08-14T19:24:41","marketing@greers.com","Manual","👪 Gather and Gr️‍ill ️‍🔥","2024-08-12T19:58:31","",43,146,8,0,2051,0,0.2,0,0,0,0,30,0,0,209,0,"","Sent","",0,"","Greers",45128486,"Greers","8.14.24 Email Update for AL CashSavers","2024-08-15T15:00:04"
13681,"marketing@greers.com",29856,"2024-08-14T19:12:07","marketing@greers.com","Manual","👪 Gather and Gr️‍ill ️‍🔥","2024-08-12T19:58:37","",14,49,4,0,584,0,0.3,0,0,0,0,14,0,0,73,0,"","Sent","",0,"","Greers",45128487,"Greers","8.14.24 Email Update for FL CashSavers including Jay","2024-08-15T15:00:04"
13681,"marketing@greers.com",29856,"2024-08-14T19:02:58","marketing@greers.com","Manual","👪 Gather and Gr️‍ill ️‍🔥","2024-08-12T19:58:47","",5,15,1,0,166,0,0.3,0,0,0,0,4,0,0,36,0,"","Sent","",0,"","Greers",45128488,"Greers","8.14.24 Email Update for Hurley","2024-08-15T15:00:04"
13681,"marketing@greers.com",29856,"2024-08-14T19:26:49","marketing@greers.com","Manual","👪 Gather and Gr️‍ill ️‍🔥","2024-08-12T19:58:54","",1,15,3,0,141,0,0.1,0,0,0,0,1,0,0,19,0,"","Sent","",0,"","Greers",45128489,"Greers","8.14.24 Email Update for Dauphin Island Parkway","2024-08-15T15:00:05"
13681,"marketing@greers.com",29856,"2024-08-14T19:30:11","marketing@greers.com","Manual","👪 Gather and Gr️‍ill ️‍🔥","2024-08-12T19:59:05","",2,15,0,0,180,0,0.1,0,0,0,0,2,0,0,19,0,"","Sent","",0,"","Greers",45128492,"Greers","8.14.24 Email Update for Fairhope","2024-08-15T15:00:05"
13681,"marketing@greers.com",29856,"2024-08-14T19:28:36","marketing@greers.com","Manual","👪 Gather and Gr️‍ill ️‍🔥","2024-08-12T19:59:12","",6,13,0,0,161,0,0.2,0,0,0,0,2,0,0,15,0,"","Sent","",0,"","Greers",45128494,"Greers","8.14.24 Email Update for Greer's St. Louis Market","2024-08-15T15:00:05"
5190,"marketing@greers.com",34724,"2024-08-19T16:45:49","marketing@greers.com","Manual","How did we do? Complete our survey for a chance to win FREE groceries!","2024-08-19T16:44:10","",6,19,0,0,105,0,0.3,0,0,0,0,6,0,0,22,0,"","Sent","",0,"","Greer's",45174462,"Greer's","Online Shopping Survey - 8.19.24","2024-08-19T16:45:50"
13681,"marketing@greers.com",34724,"2024-08-19T16:49:36","marketing@greers.com","Manual","Thank You For Trying Greer's Groceries To Go!","2024-08-19T16:48:46","",0,2,0,0,12,0,0,0,0,0,0,0,0,0,2,0,"","Sent","",0,"","Greers",45174503,"Greers","8.19.24 - GGTG New Customer","2024-08-19T16:49:37"
13681,"marketing@greers.com",29856,"2024-08-22T13:38:32","marketing@greers.com","Manual","🍎 Back to School Savings","2024-08-20T14:28:28","",2,17,0,0,180,0,0.1,0,0,0,0,2,1,0,23,0,"","Sent","",0,"","Greers",45181616,"Greers","8.21.24 Email Update for Fairhope","2024-08-22T15:00:00"
13681,"marketing@greers.com",29856,"2024-08-22T13:39:34","marketing@greers.com","Manual","🍎 Back to School Savings","2024-08-20T14:28:34","",2,15,3,0,141,0,0.1,0,0,0,0,1,0,0,17,0,"","Sent","",0,"","Greers",45181617,"Greers","8.21.24 Email Update for Dauphin Island Parkway","2024-08-22T15:00:00"
13681,"marketing@greers.com",29856,"2024-08-22T13:40:14","marketing@greers.com","Manual","🎉 Come celebrate at Greer's Hurley","2024-08-20T14:28:42","",11,23,1,0,166,0,0.3,0,0,0,0,8,0,0,53,0,"","Sent","",0,"","Greers",45181618,"Greers","8.21.24 Email Update for Hurley","2024-08-22T15:00:00"
13681,"marketing@greers.com",29856,"2024-08-22T13:37:50","marketing@greers.com","Manual","🍎 Back to School Savings","2024-08-20T14:28:52","",14,54,3,0,586,0,0.2,0,0,0,0,13,0,0,68,0,"","Sent","",0,"","Greers",45181623,"Greers","8.21.24 Email Update for FL CashSavers including Jay","2024-08-22T15:00:01"
13681,"marketing@greers.com",29856,"2024-08-22T13:36:13","marketing@greers.com","Manual","🍎 Back to School Savings","2024-08-20T14:28:59","",51,152,18,0,2051,0,0.3,0,0,0,0,43,3,0,222,0,"","Sent","",0,"","Greers",45181624,"Greers","8.21.24 Email Update for AL CashSavers","2024-08-22T15:00:01"
13681,"marketing@greers.com",29856,"2024-08-22T13:37:10","marketing@greers.com","Manual","🍎 Back to School Savings","2024-08-20T14:29:05","",10,31,2,0,465,0,0.3,0,0,0,0,10,0,0,36,0,"","Sent","",0,"","Greers",45181627,"Greers","8.21.24 Email Update for MS CashSavers","2024-08-22T15:00:02"
13681,"marketing@greers.com",29856,"2024-08-22T15:32:02","marketing@greers.com","Manual","🎵🎶 Meet us on the roof","2024-08-20T14:19:46","",5,25,0,0,161,0,0.2,0,0,0,0,4,0,0,30,0,"","Sent","",0,"","Greers",45181527,"Greers","8.21.24 Email Update for Greer's St. Louis Market","2024-08-22T15:32:03"
13681,"marketing@greers.com",34724,"2024-08-26T22:28:00","marketing@greers.com","Manual","Thank You For Trying Greer's Groceries To Go!","2024-08-26T22:27:30","",0,2,0,0,13,0,0,0,0,0,0,0,0,0,3,0,"","Sent","",0,"","Greers",45217503,"Greers","8.26.24 - GGTG New Customer","2024-08-26T22:28:01"
5190,"marketing@greers.com",34724,"2024-08-26T22:29:42","marketing@greers.com","Manual","How did we do? Complete our survey for a chance to win FREE groceries!","2024-08-26T22:29:10","",10,15,3,0,108,0,0.5,0,0,0,0,7,0,0,18,0,"","Sent","",0,"","Greer's",45217505,"Greer's","Online Shopping Survey - 8.26.24","2024-08-26T22:29:43"
13681,"marketing@greers.com",29856,"2024-08-27T19:29:15","marketing@greers.com","Manual","🇺🇸 Happy Labor Day","2024-08-22T20:12:25","",3,18,0,0,161,0,0.1,0,0,0,0,2,2,0,23,0,"","Sent","",0,"","Greers",45199911,"Greers","8.28.24 Email Update for Greer's St. Louis Market","2024-08-29T15:00:01"
13681,"marketing@greers.com",29856,"2024-08-27T19:42:25","marketing@greers.com","Manual","🇺🇸 Happy Labor Day","2024-08-22T20:12:37","",9,17,1,0,167,0,0.4,0,0,0,0,7,0,0,31,0,"","Sent","",0,"","Greers",45199914,"Greers","8.28.24 Email Update for Hurley","2024-08-29T15:00:01"
13681,"marketing@greers.com",29856,"2024-08-27T19:41:35","marketing@greers.com","Manual","🇺🇸 Happy Labor Day","2024-08-22T20:12:45","",5,17,3,0,142,0,0.3,0,0,0,0,5,0,0,26,0,"","Sent","",0,"","Greers",45199915,"Greers","8.28.24 Email Update for Dauphin Island Parkway","2024-08-29T15:00:01"
13681,"marketing@greers.com",29856,"2024-08-27T19:35:21","marketing@greers.com","Manual","🇺🇸 Happy Labor Day","2024-08-22T20:12:53","",8,23,1,0,179,0,0.2,0,0,0,0,4,0,0,28,0,"","Sent","",0,"","Greers",45199916,"Greers","8.28.24 Email Update for Fairhope","2024-08-29T15:00:02"
13681,"marketing@greers.com",29856,"2024-08-27T19:40:13","marketing@greers.com","Manual","🇺🇸 Happy Labor Day","2024-08-22T20:13:20","",21,48,4,0,464,0,0.3,0,0,0,0,13,0,0,68,0,"","Sent","",0,"","Greers",45199921,"Greers","8.28.24 Email Update for MS CashSavers","2024-08-29T15:00:02"
13681,"marketing@greers.com",29856,"2024-08-27T19:38:14","marketing@greers.com","Manual","🇺🇸 Happy Labor Day","2024-08-22T20:13:13","",70,173,21,0,2050,0,0.3,0,0,0,0,60,0,0,235,0,"","Sent","",0,"","Greers",45199920,"Greers","8.28.24 Email Update for AL CashSavers","2024-08-29T15:00:02"
13681,"marketing@greers.com",29856,"2024-08-27T19:37:22","marketing@greers.com","Manual","🇺🇸 Happy Labor Day","2024-08-22T20:13:07","",22,66,4,0,586,0,0.3,0,0,0,0,21,0,0,73,0,"","Sent","",0,"","Greers",45199919,"Greers","8.28.24 Email Update for FL CashSavers including Jay","2024-08-29T15:00:02"
13681,"marketing@greers.com",34724,"2024-09-03T22:09:55","marketing@greers.com","Manual","Thank You For Trying Greer's Groceries To Go!","2024-09-03T22:09:22","",0,2,0,0,5,0,0,0,0,0,0,0,0,0,2,0,"","Sent","",0,"","Greers",45257523,"Greers","9.3.24 - GGTG New Customer","2024-09-03T22:10:00"
5190,"marketing@greers.com",34724,"2024-09-03T22:12:09","marketing@greers.com","Manual","How did we do? Complete our survey for a chance to win FREE groceries!","2024-09-03T22:11:35","",9,16,2,0,107,0,0.5,0,0,0,0,8,0,0,17,0,"","Sent","",0,"","Greer's",45257555,"Greer's","Online Shopping Survey - 9.3.24","2024-09-03T22:12:10"
13681,"marketing@greers.com",29856,"2024-09-04T18:59:32","marketing@greers.com","Manual","🥣 Kids savor. Parents save.","2024-09-04T18:53:43","",18,187,20,0,2665,0,0.1,0,0,0,0,14,1,0,224,0,"","Sent","",0,"","Greer's",45265093,"Greer's","9.5.24 Post Malt O Meal","2024-09-05T11:00:03"
13681,"marketing@greers.com",29856,"2024-09-04T15:50:38","marketing@greers.com","Manual","👨‍👩‍👧‍👦 🍽️ Celebrate Family Meals Month","2024-08-29T21:46:07","",7,50,3,0,584,0,0.1,0,0,0,0,7,0,0,60,0,"","Sent","",0,"","Greers",45235056,"Greers","9.4.24 Email Update for FL CashSavers","2024-09-05T15:00:00"
13681,"marketing@greers.com",29856,"2024-09-04T15:49:57","marketing@greers.com","Manual","👨‍👩‍👧‍👦 🍽️ Celebrate Family Meals Month","2024-08-29T21:47:46","",102,172,15,0,2051,0,0.2,0,0,0,0,38,1,0,226,0,"","Sent","",0,"","Greers",45235063,"Greers","9.4.24 Email Update for AL CashSavers","2024-09-05T15:00:00"
13681,"marketing@greers.com",29856,"2024-09-04T15:49:21","marketing@greers.com","Manual","👨‍👩‍👧‍👦 🍽️ Celebrate Family Meals Month","2024-08-29T21:51:18","",14,37,0,0,463,0,0.3,0,0,0,0,12,1,0,51,0,"","Sent","",0,"","Greers",45235103,"Greers","9.4.24 Email Update for MS CashSavers","2024-09-05T15:00:00"
13681,"marketing@greers.com",29856,"2024-09-04T15:48:39","marketing@greers.com","Manual","👨‍👩‍👧‍👦 🍽️ Celebrate Family Meals Month","2024-08-29T21:51:52","",8,21,2,0,168,0,0.3,0,0,0,0,7,0,0,35,0,"","Sent","",0,"","Greers",45235106,"Greers","9.4.24 Email Update for Hurley","2024-09-05T15:00:01"
13681,"marketing@greers.com",29856,"2024-09-04T15:45:54","marketing@greers.com","Manual","👨‍👩‍👧‍👦 🍽️ Celebrate Family Meals Month","2024-08-29T21:52:00","",1,15,0,0,159,0,0.1,0,0,0,0,1,0,0,15,0,"","Sent","",0,"","Greers",45235108,"Greers","9.4.24 Email Update for Greer's St. Louis Market","2024-09-05T15:00:01"
13681,"marketing@greers.com",29856,"2024-09-04T15:47:22","marketing@greers.com","Manual","👨‍👩‍👧‍👦 🍽️ Celebrate Family Meals Month","2024-08-29T21:51:43","",2,16,4,0,142,0,0.1,0,0,0,0,2,0,0,21,0,"","Sent","",0,"","Greers",45235105,"Greers","9.4.24 Email Update for Dauphin Island Parkway","2024-09-05T15:00:01"
13681,"marketing@greers.com",29856,"2024-09-04T15:48:01","marketing@greers.com","Manual","👨‍👩‍👧‍👦 🍽️ Celebrate Family Meals Month","2024-08-29T21:51:26","",8,19,1,0,179,0,0.3,0,0,0,0,5,0,0,27,0,"","Sent","",0,"","Greers",45235104,"Greers","9.4.24 Email Update for Fairhope","2024-09-05T15:00:02"
13681,"marketing@greers.com",34724,"2024-09-09T17:03:04","marketing@greers.com","Manual","Thank You For Trying Greer's Groceries To Go!","2024-09-09T17:02:34","",1,2,0,0,5,0,0.5,0,1,0,0,1,0,1,2,0,"","Sent","",0,"","Greers",45292032,"Greers","9.9.24 - GGTG New Customer","2024-09-09T17:03:05"
5190,"marketing@greers.com",34724,"2024-09-09T17:05:04","marketing@greers.com","Manual","How did we do? Complete our survey for a chance to win FREE groceries!","2024-09-09T17:04:09","",6,16,2,0,89,0,0.3,0,0,0,0,5,0,0,25,0,"","Sent","",0,"","Greer's",45292033,"Greer's","Online Shopping Survey - 9.9.24","2024-09-09T17:05:05"
13681,"marketing@greers.com",29856,"2024-09-04T19:40:56","marketing@greers.com","Manual","Get More Meal for Your Money—Enjoy It at Home!","2024-09-04T19:37:21","",27,222,21,0,2798,0,0.1,0,0,0,0,26,1,0,273,0,"","Sent","",0,"","Greer's",45265325,"Greer's","9.10.24 Nestle FMM","2024-09-10T11:00:27"
13681,"marketing@greers.com",29856,"2024-09-04T20:06:24","marketing@greers.com","Manual","Dinnertime Drama? Borden Cheese Makes Family Meals Fun Again!","2024-09-04T20:00:01","",12,215,18,0,2797,0,0.1,0,0,0,0,12,1,0,251,0,"","Sent","",0,"","Greer's",45265446,"Greer's","9.12.24 Borden FMM","2024-09-12T11:04:07"
13681,"marketing@greers.com",29856,"2024-09-11T19:48:18","marketing@greers.com","Manual","Deals the family will L❤️VE","2024-09-10T14:42:26","",2,18,1,0,179,0,0.1,0,0,0,0,2,0,0,19,0,"","Sent","",0,"","Greers",45297608,"Greers","9.11.24 Email Update for Fairhope","2024-09-12T15:00:01"
13681,"marketing@greers.com",29856,"2024-09-11T19:42:55","marketing@greers.com","Manual","Deals the family will L❤️VE","2024-09-10T14:42:35","",2,10,3,0,142,0,0.2,0,0,0,0,2,0,0,18,0,"","Sent","",0,"","Greers",45297609,"Greers","9.11.24 Email Update for Dauphin Island Parkway","2024-09-12T15:00:01"
13681,"marketing@greers.com",29856,"2024-09-11T19:45:46","marketing@greers.com","Manual","Deals the family will L❤️VE","2024-09-10T14:42:44","",6,17,0,0,159,0,0.2,0,0,0,0,4,0,0,20,0,"","Sent","",0,"","Greers",45297611,"Greers","9.11.24 Email Update for Greer's St. Louis Market","2024-09-12T15:00:01"
13681,"marketing@greers.com",29856,"2024-09-11T19:46:22","marketing@greers.com","Manual","Deals the family will L❤️VE","2024-09-10T14:42:52","",1,13,2,0,166,0,0.1,0,0,0,0,1,0,0,31,0,"","Sent","",0,"","Greers",45297612,"Greers","9.11.24 Email Update for Hurley","2024-09-12T15:00:02"
13681,"marketing@greers.com",29856,"2024-09-11T19:47:04","marketing@greers.com","Manual","Deals the family will L❤️VE","2024-09-10T14:42:59","",13,33,3,0,463,0,0.4,0,0,0,0,12,0,0,38,0,"","Sent","",0,"","Greers",45297613,"Greers","9.11.24 Email Update for MS CashSavers","2024-09-12T15:00:02"
13681,"marketing@greers.com",29856,"2024-09-11T19:47:41","marketing@greers.com","Manual","Deals the family will L❤️VE","2024-09-10T14:43:06","",58,184,13,0,2052,0,0.3,0,0,0,0,54,0,0,230,0,"","Sent","",0,"","Greers",45297616,"Greers","9.11.24 Email Update for AL CashSavers","2024-09-12T15:00:02"
13681,"marketing@greers.com",29856,"2024-09-11T19:45:06","marketing@greers.com","Manual","Deals the family will L❤️VE","2024-09-10T14:43:18","",13,51,2,0,584,0,0.2,0,0,0,0,12,0,0,63,0,"","Sent","",0,"","Greers",45297619,"Greers","9.11.24 Email Update for FL CashSavers","2024-09-12T15:00:03"
13681,"marketing@greers.com",34724,"2024-09-16T17:00:37","marketing@greers.com","Manual","Thank You For Trying Greer's Groceries To Go!","2024-09-16T17:00:03","",0,1,0,0,3,0,0,0,0,0,0,0,0,0,1,0,"","Sent","",0,"","Greers",45337530,"Greers","9.16.24 - GGTG New Customer","2024-09-16T17:00:38"
5190,"marketing@greers.com",34724,"2024-09-16T17:03:11","marketing@greers.com","Manual","How did we do? Complete our survey for a chance to win FREE groceries!","2024-09-16T17:02:37","",7,14,1,0,93,0,0.4,0,0,0,0,5,0,0,20,0,"","Sent","",0,"","Greer's",45337562,"Greer's","Online Shopping Survey - 9.16.24","2024-09-16T17:03:12"
13681,"marketing@greers.com",29856,"2024-09-19T13:46:57","marketing@greers.com","Manual","🏈 Family, Friends and Football","2024-09-12T21:24:05","",12,53,2,0,585,0,0.2,0,0,0,0,11,0,0,62,0,"","Sent","",0,"","Greers",45314487,"Greers","9.18.24 Email Update for FL CashSavers","2024-09-19T15:00:00"
13681,"marketing@greers.com",29856,"2024-09-19T13:49:33","marketing@greers.com","Manual","🏈 Family, Friends and Football","2024-09-12T21:24:13","",47,163,13,0,2053,0,0.2,0,0,0,0,40,2,0,235,0,"","Sent","",0,"","Greers",45314488,"Greers","9.18.24 Email Update for AL CashSavers","2024-09-19T15:00:01"
13681,"marketing@greers.com",29856,"2024-09-19T13:51:25","marketing@greers.com","Manual","🏈 Family, Friends and Football","2024-09-12T21:24:23","",16,37,3,0,462,0,0.4,0,0,0,0,14,0,0,44,0,"","Sent","",0,"","Greers",45314489,"Greers","9.18.24 Email Update for MS CashSavers","2024-09-19T15:00:01"
13681,"marketing@greers.com",29856,"2024-09-19T13:46:05","marketing@greers.com","Manual","🏈 Family, Friends and Football","2024-09-12T21:24:30","",3,18,2,0,167,0,0.2,0,0,0,0,3,0,0,25,0,"","Sent","",0,"","Greers",45314490,"Greers","9.18.24 Email Update for Hurley","2024-09-19T15:00:01"
13681,"marketing@greers.com",29856,"2024-09-19T13:54:21","marketing@greers.com","Manual","🏈 Family, Friends and Football","2024-09-12T21:24:36","",5,21,0,0,159,0,0.2,0,0,0,0,5,0,0,26,0,"","Sent","",0,"","Greers",45314491,"Greers","9.18.24 Email Update for Greer's St. Louis Market","2024-09-19T15:00:02"
13681,"marketing@greers.com",29856,"2024-09-19T13:55:45","marketing@greers.com","Manual","🏈 Family, Friends and Football","2024-09-12T21:24:44","",3,19,3,0,142,0,0.2,0,0,0,0,3,0,0,28,0,"","Sent","",0,"","Greers",45314492,"Greers","9.18.24 Email Update for Dauphin Island Parkway","2024-09-19T15:00:02"
13681,"marketing@greers.com",29856,"2024-09-19T13:52:32","marketing@greers.com","Manual","🏈 Family, Friends and Football","2024-09-12T21:24:55","",2,19,0,0,179,0,0.1,0,0,0,0,2,0,0,23,0,"","Sent","",0,"","Greers",45314493,"Greers","9.18.24 Email Update for Fairhope","2024-09-19T15:00:02"
13681,"marketing@greers.com",29856,"2024-09-19T16:00:52","marketing@greers.com","Manual","Eating at Home Makes Cents!","2024-09-19T15:53:38","",28,263,18,0,3355,0,0.1,0,0,0,0,24,1,0,330,0,"","Sent","",0,"","Greer's",45363721,"Greer's","9.24.24 General Mills FMM","2024-09-24T11:01:09"
13681,"marketing@greers.com",34724,"2024-09-25T19:30:05","marketing@greers.com","Manual","Thank You For Trying Greer's Groceries To Go!","2024-09-25T19:29:30","",0,2,0,0,7,0,0,0,0,0,0,0,1,0,4,0,"","Sent","",0,"","Greers",45416565,"Greers","9.23.24 - GGTG New Customer","2024-09-25T19:30:06"
5190,"marketing@greers.com",34724,"2024-09-25T19:32:38","marketing@greers.com","Manual","How did we do? Complete our survey for a chance to win FREE groceries!","2024-09-25T19:31:59","",8,15,2,0,99,0,0.5,0,0,0,0,8,1,0,22,0,"","Sent","",0,"","Greer's",45416594,"Greer's","Online Shopping Survey - 9.23.24","2024-09-25T19:32:39"
13681,"marketing@greers.com",29856,"2024-09-26T13:50:20","marketing@greers.com","Manual","Greer's has 🥕 fresh and healthy family favorites 🍎","2024-09-19T20:36:57","",4,15,0,0,180,0,0.3,0,0,0,0,4,0,0,20,0,"","Sent","",0,"","Greers",45366304,"Greers","9.25.24 Email Update for Fairhope","2024-09-26T15:00:02"
13681,"marketing@greers.com",29856,"2024-09-26T13:51:19","marketing@greers.com","Manual","Greer's has 🥕 fresh and healthy family favorites 🍎","2024-09-19T20:37:12","",2,17,3,0,142,0,0.1,0,0,0,0,2,0,0,21,0,"","Sent","",0,"","Greers",45366308,"Greers","9.25.24 Email Update for Dauphin Island Parkway","2024-09-26T15:00:03"
13681,"marketing@greers.com",29856,"2024-09-26T13:45:49","marketing@greers.com","Manual","Greer's has 🥕 fresh and healthy family favorites 🍎","2024-09-19T20:37:19","",3,14,0,0,159,0,0.1,0,0,0,0,2,0,0,17,0,"","Sent","",0,"","Greers",45366309,"Greers","9.25.24 Email Update for Greer's St. Louis Market","2024-09-26T15:00:03"
13681,"marketing@greers.com",29856,"2024-09-26T13:47:08","marketing@greers.com","Manual","Greer's has 🥕 fresh and healthy family favorites 🍎","2024-09-19T20:37:28","",9,17,2,0,167,0,0.4,0,0,0,0,7,0,0,40,0,"","Sent","",0,"","Greers",45366311,"Greers","9.25.24 Email Update for Hurley","2024-09-26T15:00:03"
13681,"marketing@greers.com",29856,"2024-09-26T13:47:58","marketing@greers.com","Manual","Greer's has 🥕 fresh and healthy family favorites 🍎","2024-09-19T20:37:36","",10,28,2,0,461,0,0.3,0,0,0,0,9,1,0,29,0,"","Sent","",0,"","Greers",45366312,"Greers","9.25.24 Email Update for MS CashSavers","2024-09-26T15:00:04"
13681,"marketing@greers.com",29856,"2024-09-26T13:48:57","marketing@greers.com","Manual","Greer's has 🥕 fresh and healthy family favorites 🍎","2024-09-19T20:37:46","",59,150,12,0,2049,0,0.3,0,0,0,0,49,1,0,198,0,"","Sent","",0,"","Greers",45366313,"Greers","9.25.24 Email Update for AL CashSavers","2024-09-26T15:00:04"
13681,"marketing@greers.com",29856,"2024-09-26T13:49:38","marketing@greers.com","Manual","Greer's has 🥕 fresh and healthy family favorites 🍎","2024-09-19T20:37:57","",19,60,2,0,585,0,0.2,0,0,0,0,13,0,0,73,0,"","Sent","",0,"","Greers",45366314,"Greers","9.25.24 Email Update for FL CashSavers","2024-09-26T15:00:04"
13681,"marketing@greers.com",34724,"2024-09-30T15:17:26","marketing@greers.com","Manual","Thank You For Trying Greer's Groceries To Go!","2024-09-30T15:16:54","",0,0,0,0,8,0,0,0,0,0,0,0,0,0,0,0,"","Sent","",0,"","Greers",45456206,"Greers","9.30.24 - GGTG New Customer","2024-09-30T15:17:30"
5190,"marketing@greers.com",34724,"2024-09-30T15:18:50","marketing@greers.com","Manual","How did we do? Complete our survey for a chance to win FREE groceries!","2024-09-30T15:18:19","",7,11,2,0,92,0,0.5,0,0,0,0,6,0,0,13,0,"","Sent","",0,"","Greer's",45456217,"Greer's","Online Shopping Survey - 9.30.24","2024-09-30T15:18:51"
13681,"marketing@greers.com",29856,"2024-10-03T13:59:15","marketing@greers.com","Manual","💰 Savings for the season 🍁","2024-10-01T01:50:23","",16,53,2,0,586,0,0.2,0,0,0,0,13,1,0,73,0,"","Sent","",0,"","Greers",45462576,"Greers","10.2.24 Email Update for FL CashSavers","2024-10-03T15:00:08"
13681,"marketing@greers.com",29856,"2024-10-03T13:58:33","marketing@greers.com","Manual","💰 Savings for the season 🍁","2024-10-01T01:50:37","",48,152,8,0,2049,0,0.3,0,0,0,0,44,1,0,222,0,"","Sent","",0,"","Greers",45462578,"Greers","10.2.24 Email Update for AL CashSavers","2024-10-03T15:00:08"
13681,"marketing@greers.com",29856,"2024-10-03T13:57:55","marketing@greers.com","Manual","💰 Savings for the season 🍁","2024-10-01T01:50:44","",16,36,3,0,460,0,0.3,0,0,0,0,11,0,0,43,0,"","Sent","",0,"","Greers",45462579,"Greers","10.2.24 Email Update for MS CashSavers","2024-10-03T15:00:09"
13681,"marketing@greers.com",29856,"2024-10-03T13:59:53","marketing@greers.com","Manual","💰 Savings for the season 🍁","2024-10-01T01:50:57","",6,17,2,0,167,0,0.4,0,0,0,0,6,0,0,40,0,"","Sent","",0,"","Greers",45462580,"Greers","10.2.24 Email Update for Hurley","2024-10-03T15:00:09"
13681,"marketing@greers.com",29856,"2024-10-03T13:56:21","marketing@greers.com","Manual","💰 Savings for the season 🍁","2024-10-01T01:51:03","",6,25,0,0,159,0,0.2,0,0,0,0,4,1,0,31,0,"","Sent","",0,"","Greers",45462583,"Greers","10.2.24 Email Update for Greer's St. Louis Market","2024-10-03T15:00:09"
13681,"marketing@greers.com",29856,"2024-10-03T13:55:42","marketing@greers.com","Manual","💰 Savings for the season 🍁","2024-10-01T01:51:12","",2,21,2,0,143,0,0.1,0,0,0,0,2,0,0,23,0,"","Sent","",0,"","Greers",45462584,"Greers","10.2.24 Email Update for Dauphin Island Parkway","2024-10-03T15:00:10"
13681,"marketing@greers.com",29856,"2024-10-03T13:57:21","marketing@greers.com","Manual","💰 Savings for the season 🍁","2024-10-01T01:51:18","",2,21,0,0,182,0,0.1,0,0,0,0,2,0,0,32,0,"","Sent","",0,"","Greers",45462585,"Greers","10.2.24 Email Update for Fairhope","2024-10-03T15:00:10"
5190,"marketing@greers.com",34724,"2024-10-08T16:34:26","marketing@greers.com","Manual","How did we do? Complete our survey for a chance to win FREE groceries!","2024-10-08T16:33:45","",9,16,2,0,102,0,0.6,0,0,0,0,9,0,0,19,0,"","Sent","",0,"","Greer's",45545124,"Greer's","Online Shopping Survey - 10.7.24","2024-10-08T16:34:30"
13681,"marketing@greers.com",34724,"2024-10-08T16:40:48","marketing@greers.com","Manual","Thank You For Trying Greer's Groceries To Go!","2024-10-08T16:40:12","",0,1,0,0,5,0,0,0,0,0,0,0,0,0,1,0,"","Sent","",0,"","Greers",45545154,"Greers","10.7.24 - GGTG New Customer","2024-10-08T16:40:49"
13681,"marketing@greers.com",29856,"2024-10-10T15:37:56","marketing@greers.com","Manual","💕 Let's Fight Together","2024-10-04T21:30:50","",0,17,0,0,182,0,0,0,0,0,0,0,0,0,20,0,"","Sent","",0,"","Greers",45504613,"Greers","10.9.24 Email Update for Fairhope","2024-10-10T15:38:00"
13681,"marketing@greers.com",29856,"2024-10-10T15:38:48","marketing@greers.com","Manual","💕 Let's Fight Together","2024-10-04T21:31:06","",3,19,0,0,158,0,0.2,0,0,0,0,3,0,0,23,0,"","Sent","",0,"","Greers",45504628,"Greers","10.9.24 Email Update for Greer's St. Louis Market","2024-10-10T15:38:49"
13681,"marketing@greers.com",29856,"2024-10-10T15:39:22","marketing@greers.com","Manual","💕 Let's Fight Together","2024-10-04T21:31:00","",5,11,2,0,143,0,0.4,0,0,0,0,4,0,0,18,0,"","Sent","",0,"","Greers",45504620,"Greers","10.9.24 Email Update for Dauphin Island Parkway","2024-10-10T15:39:23"
13681,"marketing@greers.com",29856,"2024-10-10T15:40:06","marketing@greers.com","Manual","💕 Let's Fight Together","2024-10-04T21:31:13","",2,13,2,0,167,0,0.2,0,0,0,0,2,0,0,31,0,"","Sent","",0,"","Greers",45504631,"Greers","10.9.24 Email Update for Hurley","2024-10-10T15:40:07"
13681,"marketing@greers.com",29856,"2024-10-10T15:40:40","marketing@greers.com","Manual","💕 Let's Fight Together","2024-10-04T21:31:40","",11,53,2,0,590,0,0.2,0,0,0,0,9,0,0,72,0,"","Sent","",0,"","Greers",45504641,"Greers","10.9.24 Email Update for FL CashSavers","2024-10-10T15:40:41"
13681,"marketing@greers.com",29856,"2024-10-10T15:41:12","marketing@greers.com","Manual","💕 Let's Fight Together","2024-10-04T21:31:33","",40,160,13,0,2048,0,0.2,0,0,0,0,38,1,0,202,0,"","Sent","",0,"","Greers",45504638,"Greers","10.9.24 Email Update for AL CashSavers","2024-10-10T15:41:14"
13681,"marketing@greers.com",29856,"2024-10-10T15:41:46","marketing@greers.com","Manual","💕 Let's Fight Together","2024-10-04T21:31:26","",14,39,2,0,460,0,0.3,0,0,0,0,13,0,0,46,0,"","Sent","",0,"","Greers",45504635,"Greers","10.9.24 Email Update for MS CashSavers","2024-10-10T15:41:47"
5190,"marketing@greers.com",34724,"2024-10-14T14:58:55","marketing@greers.com","Manual","How did we do? Complete our survey for a chance to win FREE groceries!","2024-10-14T14:58:14","",7,18,1,0,97,0,0.4,0,0,0,0,7,0,0,24,0,"","Sent","",0,"","Greer's",45606227,"Greer's","Online Shopping Survey - 10.14.24","2024-10-14T14:59:00"
13681,"marketing@greers.com",34724,"2024-10-14T15:20:31","marketing@greers.com","Manual","Thank You For Trying Greer's Groceries To Go!","2024-10-14T15:18:07","",0,0,0,0,6,0,0,0,0,0,0,0,0,0,0,0,"","Sent","",0,"","Greers",45606618,"Greers","10.14.24 - GGTG New Customer","2024-10-14T15:20:32"
13681,"marketing@greers.com",29856,"2024-10-16T19:03:02","marketing@greers.com","Manual","🎀 Let's support each other","2024-10-15T21:28:24","",14,26,2,0,460,0,0.4,0,0,0,0,10,0,0,32,0,"","Sent","",0,"","Greers",45625504,"Greers","10.16.24 Email Update for MS CashSavers","2024-10-17T15:00:00"
13681,"marketing@greers.com",29856,"2024-10-16T19:05:34","marketing@greers.com","Manual","🎀 Let's support each other","2024-10-15T21:33:18","",6,18,0,0,182,0,0.3,0,0,0,0,5,0,0,26,0,"","Sent","",0,"","Greers",45625562,"Greers","10.16.24 Email Update for Fairhope","2024-10-17T15:00:00"
13681,"marketing@greers.com",29856,"2024-10-16T19:03:36","marketing@greers.com","Manual","🎀 Let's support each other","2024-10-15T21:28:51","",3,16,2,0,167,0,0.1,0,0,0,0,1,0,0,43,0,"","Sent","",0,"","Greers",45625510,"Greers","10.16.24 Email Update for Hurley","2024-10-17T15:00:01"
13681,"marketing@greers.com",29856,"2024-10-16T19:02:18","marketing@greers.com","Manual","🎀 Let's support each other","2024-10-15T21:28:44","",14,50,2,0,590,0,0.2,0,0,0,0,11,0,0,66,0,"","Sent","",0,"","Greers",45625509,"Greers","10.16.24 Email Update for FL CashSavers","2024-10-17T15:00:01"
13681,"marketing@greers.com",29856,"2024-10-16T19:01:37","marketing@greers.com","Manual","🎀 Let's support each other","2024-10-15T21:28:32","",27,160,11,0,2046,0,0.2,0,0,0,0,25,1,0,222,0,"","Sent","",0,"","Greers",45625508,"Greers","10.16.24 Email Update for AL CashSavers","2024-10-17T15:00:02"
13681,"marketing@greers.com",29856,"2024-10-16T19:04:43","marketing@greers.com","Manual","🎀 Let's support each other","2024-10-15T21:29:05","",3,18,1,0,159,0,0.2,0,0,0,0,3,0,0,22,0,"","Sent","",0,"","Greers",45625512,"Greers","10.16.24 Email Update for Greer's St. Louis Market","2024-10-17T15:00:02"
13681,"marketing@greers.com",29856,"2024-10-16T19:04:08","marketing@greers.com","Manual","🎀 Let's support each other","2024-10-15T21:28:58","",0,17,2,0,144,0,0,0,0,0,0,0,0,0,24,0,"","Sent","",0,"","Greers",45625511,"Greers","10.16.24 Email Update for Dauphin Island Parkway","2024-10-17T15:00:02"
5190,"marketing@greers.com",34724,"2024-10-21T15:12:02","marketing@greers.com","Manual","How did we do? Complete our survey for a chance to win FREE groceries!","2024-10-21T15:11:25","",7,10,0,0,76,0,0.7,0,0,0,0,7,0,0,30,0,"","Sent","",0,"","Greer's",45680932,"Greer's","Online Shopping Survey - 10.21.24","2024-10-21T15:12:03"
13681,"marketing@greers.com",34724,"2024-10-21T15:16:09","marketing@greers.com","Manual","Thank You For Trying Greer's Groceries To Go!","2024-10-21T15:15:30","",0,0,0,0,7,0,0,0,0,0,0,0,0,0,0,0,"","Sent","",0,"","Greers",45680972,"Greers","10.21.24 - GGTG New Customer","2024-10-21T15:16:10"
13681,"marketing@greers.com",29856,"2024-10-22T15:47:28","marketing@greers.com","Manual","New! Grilled Cheesies Lunchables—Crispy Fun for Kids","2024-10-22T15:38:00","",19,71,5,0,841,0,0.2,0,0,0,0,17,0,0,86,0,"","Sent","",0,"","Greer's",45696968,"Greer's","10.23.24 Kraft Grilled Cheesies - LIMITED STORES","2024-10-23T15:00:00"
13681,"marketing@greers.com",29856,"2024-10-24T02:17:54","marketing@greers.com","Manual","🎃 Greer's has scary good deals","2024-10-22T15:59:41","",1,16,2,0,144,0,0.1,0,0,0,0,1,0,0,18,0,"","Sent","",0,"","Greers",45697301,"Greers","10.23.24 Email Update for Dauphin Island Parkway","2024-10-24T15:00:00"
13681,"marketing@greers.com",29856,"2024-10-24T02:34:22","marketing@greers.com","Manual","🎃 Greer's has scary good deals","2024-10-22T15:59:51","",4,15,0,0,162,0,0.2,0,0,0,0,3,1,0,21,0,"","Sent","",0,"","Greers",45697302,"Greers","10.23.24 Email Update for Greer's St. Louis Market","2024-10-24T15:00:01"
13681,"marketing@greers.com",29856,"2024-10-24T02:17:07","marketing@greers.com","Manual","🎃 Greer's has scary good deals","2024-10-22T16:00:13","",6,22,2,0,167,0,0.3,0,0,0,0,6,0,0,43,0,"","Sent","",0,"","Greers",45697312,"Greers","10.23.24 Email Update for Hurley","2024-10-24T15:00:01"
13681,"marketing@greers.com",29856,"2024-10-24T02:16:32","marketing@greers.com","Manual","🎃 Greer's has scary good deals","2024-10-22T16:00:19","",3,18,0,0,182,0,0.2,0,0,0,0,3,0,0,21,0,"","Sent","",0,"","Greers",45697318,"Greers","10.23.24 Email Update for Fairhope","2024-10-24T15:00:02"
13681,"marketing@greers.com",29856,"2024-10-24T02:14:21","marketing@greers.com","Manual","🎃 Greer's has scary good deals","2024-10-22T16:00:30","",14,35,2,0,460,0,0.4,0,0,0,0,13,0,0,44,0,"","Sent","",0,"","Greers",45697326,"Greers","10.23.24 Email Update for MS CashSavers","2024-10-24T15:00:02"
13681,"marketing@greers.com",29856,"2024-10-24T02:15:58","marketing@greers.com","Manual","🎃 Greer's has scary good deals","2024-10-22T16:00:40","",42,160,12,0,2048,0,0.3,0,0,0,0,40,2,0,230,0,"","Sent","",0,"","Greers",45697330,"Greers","10.23.24 Email Update for AL CashSavers","2024-10-24T15:00:03"
13681,"marketing@greers.com",29856,"2024-10-24T02:12:56","marketing@greers.com","Manual","🎃 Greer's has scary good deals","2024-10-22T16:00:48","",14,63,2,0,592,0,0.2,0,0,0,0,14,0,0,84,0,"","Sent","",0,"","Greers",45697334,"Greers","10.23.24 Email Update for FL CashSavers","2024-10-24T15:00:03"
5190,"marketing@greers.com",34724,"2024-10-28T14:14:31","marketing@greers.com","Manual","How did we do? Complete our survey for a chance to win FREE groceries!","2024-10-28T14:12:51","",10,19,0,0,88,0,0.5,0,1,0,0,10,0,1,20,0,"","Sent","",0,"","Greer's",45761998,"Greer's","Online Shopping Survey - 10.28.24","2024-10-28T14:14:33"
13681,"marketing@greers.com",34724,"2024-10-28T14:15:29","marketing@greers.com","Manual","Thank You For Trying Greer's Groceries To Go!","2024-10-28T14:14:47","",0,0,0,0,3,0,0,0,0,0,0,0,0,0,0,0,"","Sent","",0,"","Greers",45762026,"Greers","10.28.24 - GGTG New Customer","2024-10-28T14:15:30"
13681,"marketing@greers.com",29856,"2024-10-31T16:06:03","marketing@greers.com","Manual","🎃 Happy Halloween from Greer's","2024-10-29T18:58:32","",6,23,0,0,182,0,0.2,0,0,0,0,5,0,0,24,0,"","Sent","",0,"","Greers",45780223,"Greers","10.30.24 Email Update for Fairhope","2024-10-31T16:06:04"
13681,"marketing@greers.com",29856,"2024-10-31T16:06:29","marketing@greers.com","Manual","🎃 Happy Halloween from Greer's","2024-10-29T18:58:38","",6,17,0,0,167,0,0.4,0,0,0,0,6,0,0,37,0,"","Sent","",0,"","Greers",45780226,"Greers","10.30.24 Email Update for Hurley","2024-10-31T16:06:30"
13681,"marketing@greers.com",29856,"2024-10-31T16:06:57","marketing@greers.com","Manual","🎃 Happy Halloween from Greer's","2024-10-29T18:58:47","",2,15,1,0,162,0,0.1,0,0,0,0,2,0,0,18,0,"","Sent","",0,"","Greers",45780228,"Greers","10.30.24 Email Update for Greer's St. Louis Market","2024-10-31T16:07:00"
13681,"marketing@greers.com",29856,"2024-10-31T16:07:23","marketing@greers.com","Manual","🎃 Happy Halloween from Greer's","2024-10-29T18:58:56","",1,15,1,0,144,0,0.1,0,0,0,0,1,0,0,25,0,"","Sent","",0,"","Greers",45780229,"Greers","10.30.24 Email Update for Dauphin Island Parkway","2024-10-31T16:07:23"
13681,"marketing@greers.com",29856,"2024-10-31T16:07:56","marketing@greers.com","Manual","🎃 Happy Halloween from Greer's","2024-10-29T18:58:00","",12,53,4,0,592,0,0.2,0,0,0,0,12,1,0,65,0,"","Sent","",0,"","Greers",45780211,"Greers","10.30.24 Email Update for FL CashSavers","2024-10-31T16:08:00"
13681,"marketing@greers.com",29856,"2024-10-31T16:08:20","marketing@greers.com","Manual","🎃 Happy Halloween from Greer's","2024-10-29T18:58:19","",8,31,2,0,460,0,0.2,0,0,0,0,7,0,0,36,0,"","Sent","",0,"","Greers",45780217,"Greers","10.30.24 Email Update for MS CashSavers","2024-10-31T16:08:21"
13681,"marketing@greers.com",29856,"2024-10-31T16:08:44","marketing@greers.com","Manual","🎃 Happy Halloween from Greer's","2024-10-29T18:58:07","",48,160,13,0,2048,0,0.2,0,0,0,0,39,1,0,218,0,"","Sent","",0,"","Greers",45780212,"Greers","10.30.24 Email Update for AL CashSavers","2024-10-31T16:08:45"
13681,"marketing@greers.com",29856,"2024-10-30T19:33:34","marketing@greers.com","Manual","🇲🇽 🌮 All the flavor without all the frills","2024-10-30T19:23:50","",50,267,16,0,3354,0,0.2,0,0,0,0,46,0,0,318,0,"","Sent","",0,"","Greer's",45793076,"Greer's","11.1.24 General Mills Mezco","2024-11-01T15:00:00"
5190,"marketing@greers.com",34724,"2024-11-04T15:31:19","marketing@greers.com","Manual","How did we do? Complete our survey for a chance to win FREE groceries!","2024-11-04T15:30:31","",8,13,1,0,87,0,0.6,0,0,0,0,8,0,0,17,0,"","Sent","",0,"","Greer's",45846933,"Greer's","Online Shopping Survey - 11.4.24","2024-11-04T15:31:20"
13681,"marketing@greers.com",34724,"2024-11-04T15:42:50","marketing@greers.com","Manual","Thank You For Trying Greer's Groceries To Go!","2024-11-04T15:41:49","",0,1,0,0,7,0,0,0,0,0,0,0,0,0,1,0,"","Sent","",0,"","Greers",45847102,"Greers","11.4.24 - GGTG New Customer","2024-11-04T15:42:51"
13681,"marketing@greers.com",29856,"2024-11-05T17:04:40","marketing@greers.com","Manual","🇺🇸 🪖 Thank You, Veterans","2024-11-04T16:14:29","",47,176,17,0,2046,0,0.3,0,0,0,0,44,0,0,233,0,"","Sent","",0,"","Greers",45847662,"Greers","11.6.24 Email Update for AL CashSavers","2024-11-07T16:00:00"
13681,"marketing@greers.com",29856,"2024-11-05T17:03:47","marketing@greers.com","Manual","🇺🇸 🪖 Thank You, Veterans","2024-11-04T16:14:37","",13,36,4,0,460,0,0.4,0,0,0,0,13,0,0,44,0,"","Sent","",0,"","Greers",45847664,"Greers","11.6.24 Email Update for MS CashSavers","2024-11-07T16:00:00"
13681,"marketing@greers.com",29856,"2024-11-05T17:02:42","marketing@greers.com","Manual","🇺🇸 🪖 Thank You, Veterans","2024-11-04T16:14:44","",17,58,4,0,591,0,0.3,0,0,0,0,16,0,0,69,0,"","Sent","",0,"","Greers",45847666,"Greers","11.6.24 Email Update for FL CashSavers","2024-11-07T16:00:01"
13681,"marketing@greers.com",29856,"2024-11-05T17:22:31","marketing@greers.com","Manual","🇺🇸 🪖 Thank You, Veterans","2024-11-04T16:14:59","",3,15,1,0,144,0,0.1,0,0,0,0,2,0,0,19,0,"","Sent","",0,"","Greers",45847667,"Greers","11.6.24 Email Update for Dauphin Island Parkway","2024-11-07T16:00:01"
13681,"marketing@greers.com",29856,"2024-11-05T17:00:09","marketing@greers.com","Manual","🇺🇸 🪖 Thank You, Veterans","2024-11-04T16:15:10","",4,17,0,0,161,0,0.1,0,0,0,0,2,0,0,25,0,"","Sent","",0,"","Greers",45847674,"Greers","11.6.24 Email Update for Greer's St. Louis Market","2024-11-07T16:00:01"
13681,"marketing@greers.com",29856,"2024-11-05T17:01:49","marketing@greers.com","Manual","🇺🇸 🪖 Thank You, Veterans","2024-11-04T16:15:18","",6,17,1,0,167,0,0.2,0,0,0,0,4,0,0,38,0,"","Sent","",0,"","Greers",45847679,"Greers","11.6.24 Email Update for Hurley","2024-11-07T16:00:02"
13681,"marketing@greers.com",29856,"2024-11-05T17:01:01","marketing@greers.com","Manual","🇺🇸 🪖 Thank You, Veterans","2024-11-04T16:15:27","",5,15,0,0,182,0,0.3,0,0,0,0,4,0,0,20,0,"","Sent","",0,"","Greers",45847683,"Greers","11.6.24 Email Update for Fairhope","2024-11-07T16:00:02"
13681,"marketing@greers.com",34724,"2024-11-11T16:16:57","marketing@greers.com","Manual","Thank You For Trying Greer's Groceries To Go!","2024-11-11T16:16:10","",0,3,0,0,6,0,0,0,0,0,0,0,0,0,4,0,"","Sent","",0,"","Greers",45963032,"Greers","11.11.24 - GGTG New Customer","2024-11-11T16:17:00"
5190,"marketing@greers.com",34724,"2024-11-11T16:19:34","marketing@greers.com","Manual","How did we do? Complete our survey for a chance to win FREE groceries!","2024-11-11T16:18:04","",7,19,0,0,90,0,0.4,0,0,0,0,7,0,0,27,0,"","Sent","",0,"","Greer's",45963055,"Greer's","Online Shopping Survey - 11.11.24","2024-11-11T16:19:35"
13681,"marketing@greers.com",29856,"2024-11-12T22:10:37","marketing@greers.com","Manual","🍗 Gather round for Great Meals 🥧","2024-11-08T16:17:25","",3,19,0,0,182,0,0.2,0,0,0,0,3,0,0,20,0,"","Sent","",0,"","Greers",45916897,"Greers","11.13.24 Email Update for Fairhope","2024-11-14T16:00:04"
13681,"marketing@greers.com",29856,"2024-11-12T22:09:23","marketing@greers.com","Manual","🍗 Gather round for Great Meals 🥧","2024-11-08T16:17:35","",3,14,0,0,167,0,0.2,0,0,0,0,3,0,0,23,0,"","Sent","",0,"","Greers",45916902,"Greers","11.13.24 Email Update for Hurley","2024-11-14T16:00:04"
13681,"marketing@greers.com",29856,"2024-11-12T22:08:00","marketing@greers.com","Manual","🍗 Gather round for Great Meals 🥧","2024-11-08T16:17:42","",0,16,0,0,161,0,0,0,0,0,0,0,0,0,20,0,"","Sent","",0,"","Greers",45916905,"Greers","11.13.24 Email Update for Greer's St. Louis Market","2024-11-14T16:00:05"
13681,"marketing@greers.com",29856,"2024-11-12T22:08:40","marketing@greers.com","Manual","🍗 Gather round for Great Meals 🥧","2024-11-08T16:17:50","",0,13,3,0,144,0,0,0,0,0,0,0,0,0,17,0,"","Sent","",0,"","Greers",45916909,"Greers","11.13.24 Email Update for Dauphin Island Parkway","2024-11-14T16:00:05"
13681,"marketing@greers.com",29856,"2024-11-12T22:11:59","marketing@greers.com","Manual","🍗 Gather round for Great Meals 🥧","2024-11-08T16:18:01","",13,54,2,0,592,0,0.2,0,0,0,0,12,0,0,62,0,"","Sent","",0,"","Greers",45916913,"Greers","11.13.24 Email Update for FL CashSavers","2024-11-14T16:00:05"
13681,"marketing@greers.com",29856,"2024-11-12T22:13:22","marketing@greers.com","Manual","🍗 Gather round for Great Meals 🥧","2024-11-08T16:18:11","",15,41,1,0,460,0,0.3,0,0,0,0,14,0,0,54,0,"","Sent","",0,"","Greers",45916917,"Greers","11.13.24 Email Update for MS CashSavers","2024-11-14T16:00:06"
13681,"marketing@greers.com",29856,"2024-11-12T22:11:14","marketing@greers.com","Manual","🍗 Gather round for Great Meals 🥧","2024-11-08T16:18:18","",54,165,12,0,2046,0,0.3,0,0,0,0,46,1,0,222,0,"","Sent","",0,"","Greers",45916920,"Greers","11.13.24 Email Update for AL CashSavers","2024-11-14T16:00:07"
5190,"marketing@greers.com",34724,"2024-11-18T21:24:42","marketing@greers.com","Manual","How did we do? Complete our survey for a chance to win FREE groceries!","2024-11-18T21:24:13","",5,15,1,0,99,0,0.3,0,0,0,0,5,0,0,19,0,"","Sent","",0,"","Greer's",46075887,"Greer's","Online Shopping Survey - 11.18.24","2024-11-18T21:24:43"
13681,"marketing@greers.com",34724,"2024-11-18T21:30:54","marketing@greers.com","Manual","Thank You For Trying Greer's Groceries To Go!","2024-11-18T21:30:18","",0,1,0,0,6,0,0,0,0,0,0,0,0,0,1,0,"","Sent","",0,"","Greers",46075998,"Greers","11.18.24 - GGTG New Customer","2024-11-18T21:31:00"
13681,"marketing@greers.com",29856,"2024-11-20T15:06:20","marketing@greers.com","Manual","🦃 Happy Thanksgiving from Greer's","2024-11-14T16:06:58","",48,155,12,0,2048,0,0.2,0,0,0,0,34,2,0,228,0,"","Sent","",0,"","Greers",46006528,"Greers","11.20.24 Email Update for AL CashSavers","2024-11-21T16:00:01"
13681,"marketing@greers.com",29856,"2024-11-20T15:07:00","marketing@greers.com","Manual","🦃 Happy Thanksgiving from Greer's","2024-11-14T16:07:07","",12,44,2,0,461,0,0.3,0,0,0,0,11,0,0,58,0,"","Sent","",0,"","Greers",46006531,"Greers","11.20.24 Email Update for MS CashSavers","2024-11-21T16:00:01"
13681,"marketing@greers.com",29856,"2024-11-20T15:07:36","marketing@greers.com","Manual","🦃 Happy Thanksgiving from Greer's","2024-11-14T16:07:15","",13,65,2,0,597,0,0.2,0,0,0,0,10,0,0,81,0,"","Sent","",0,"","Greers",46006535,"Greers","11.20.24 Email Update for FL CashSavers","2024-11-21T16:00:01"
13681,"marketing@greers.com",29856,"2024-11-20T15:09:07","marketing@greers.com","Manual","🦃 Happy Thanksgiving from Greer's","2024-11-14T16:07:39","",3,19,4,0,144,0,0.2,0,0,0,0,3,0,0,29,0,"","Sent","",0,"","Greers",46006545,"Greers","11.20.24 Email Update for Dauphin Island Parkway","2024-11-21T16:00:02"
13681,"marketing@greers.com",29856,"2024-11-20T15:09:41","marketing@greers.com","Manual","🦃 Happy Thanksgiving from Greer's","2024-11-14T16:07:53","",4,23,0,0,162,0,0.1,0,0,0,0,3,0,0,32,0,"","Sent","",0,"","Greers",46006549,"Greers","11.20.24 Email Update for Greer's St. Louis Market","2024-11-21T16:00:02"
13681,"marketing@greers.com",29856,"2024-11-20T15:08:27","marketing@greers.com","Manual","🦃 Happy Thanksgiving from Greer's","2024-11-14T16:08:01","",2,14,2,0,168,0,0.1,0,0,0,0,1,1,0,30,0,"","Sent","",0,"","Greers",46006552,"Greers","11.20.24 Email Update for Hurley","2024-11-21T16:00:02"
13681,"marketing@greers.com",29856,"2024-11-20T15:10:16","marketing@greers.com","Manual","🦃 Happy Thanksgiving from Greer's","2024-11-14T16:08:15","",3,13,0,0,183,0,0.2,0,0,0,0,3,0,0,15,0,"","Sent","",0,"","Greers",46006555,"Greers","11.20.24 Email Update for Fairhope","2024-11-21T16:00:03"
5190,"marketing@greers.com",34724,"2024-11-25T17:08:40","marketing@greers.com","Manual","How did we do? Complete our survey for a chance to win FREE groceries!","2024-11-25T17:07:08","",13,19,1,0,108,0,0.7,0,0,0,0,13,0,0,25,0,"","Sent","",0,"","Greer's",46213874,"Greer's","Online Shopping Survey - 11.25.24","2024-11-25T17:08:41"
13681,"marketing@greers.com",34724,"2024-11-25T17:11:39","marketing@greers.com","Manual","Thank You For Trying Greer's Groceries To Go!","2024-11-25T17:10:31","",0,0,0,0,4,0,0,0,0,0,0,0,0,0,0,0,"","Sent","",0,"","Greers",46213935,"Greers","11.25.24 - GGTG New Customer","2024-11-25T17:11:40"
13681,"marketing@greers.com",29856,"2024-11-26T15:52:35","marketing@greers.com","Manual","🦃 Happy Thanksgiving from Greer's","2024-11-22T21:09:09","",27,149,15,0,2048,0,0.1,0,0,0,0,17,1,0,202,0,"","Sent","",0,"","Greers",46156789,"Greers","11.27.24 Email Update for AL CashSavers","2024-11-26T15:52:36"
13681,"marketing@greers.com",29856,"2024-11-26T15:53:06","marketing@greers.com","Manual","🦃 Happy Thanksgiving from Greer's","2024-11-22T21:09:02","",10,32,4,0,460,0,0.3,0,0,0,0,8,0,0,41,0,"","Sent","",0,"","Greers",46156787,"Greers","11.27.24 Email Update for MS CashSavers","2024-11-26T15:53:07"
13681,"marketing@greers.com",29856,"2024-11-26T15:53:39","marketing@greers.com","Manual","🦃 Happy Thanksgiving from Greer's","2024-11-22T21:08:53","",7,59,2,0,599,0,0.1,0,0,0,0,7,0,0,69,0,"","Sent","",0,"","Greers",46156784,"Greers","11.27.24 Email Update for FL CashSavers","2024-11-26T15:53:40"
13681,"marketing@greers.com",29856,"2024-11-26T15:54:20","marketing@greers.com","Manual","🦃 Happy Thanksgiving from Greer's","2024-11-22T21:08:46","",5,17,4,0,144,0,0.2,0,0,0,0,4,0,0,19,0,"","Sent","",0,"","Greers",46156782,"Greers","11.27.24 Email Update for Dauphin Island Parkway","2024-11-26T15:54:22"
13681,"marketing@greers.com",29856,"2024-11-26T15:55:04","marketing@greers.com","Manual","🦃 Happy Thanksgiving from Greer's","2024-11-22T21:08:35","",2,21,1,0,162,0,0.1,0,0,0,0,2,0,0,24,0,"","Sent","",0,"","Greers",46156778,"Greers","11.27.24 Email Update for Greer's St. Louis Market","2024-11-26T15:55:05"
13681,"marketing@greers.com",29856,"2024-11-26T15:55:39","marketing@greers.com","Manual","🦃 Happy Thanksgiving from Greer's","2024-11-22T21:08:29","",4,15,1,0,167,0,0.2,0,0,0,0,3,1,0,34,0,"","Sent","",0,"","Greers",46156774,"Greers","11.27.24 Email Update for Hurley","2024-11-26T15:55:40"
13681,"marketing@greers.com",29856,"2024-11-26T15:56:18","marketing@greers.com","Manual","🦃 Happy Thanksgiving from Greer's","2024-11-22T21:08:22","",0,15,0,0,183,0,0,0,0,0,0,0,0,0,19,0,"","Sent","",0,"","Greers",46156771,"Greers","11.27.24 Email Update for Fairhope","2024-11-26T15:56:19"
13681,"marketing@greers.com",34724,"2024-12-02T17:31:44","marketing@greers.com","Manual","Thank You For Trying Greer's Groceries To Go!","2024-12-02T17:31:10","",0,0,0,0,10,0,0,0,0,0,0,0,0,0,0,0,"","Sent","",0,"","Greers",46363103,"Greers","12.2.24 - GGTG New Customer","2024-12-02T17:31:45"
5190,"marketing@greers.com",34724,"2024-12-02T17:33:21","marketing@greers.com","Manual","How did we do? Complete our survey for a chance to win FREE groceries!","2024-12-02T17:32:47","",5,14,1,0,95,0,0.4,0,0,0,0,5,0,0,15,0,"","Sent","",0,"","Greer's",46363110,"Greer's","Online Shopping Survey - 12.2.24","2024-12-02T17:33:22"
13681,"marketing@greers.com",29856,"2024-11-26T15:59:34","marketing@greers.com","Manual","😋 🍰 Make Your Holidays Deliciously Unforgettable","2024-11-26T15:47:06","",43,251,27,0,3369,0,0.1,0,0,0,0,36,1,0,305,0,"","Sent","",0,"","Greer's",46233582,"Greer's","12.5.24 Kraft Holiday","2024-12-05T12:00:05"
13681,"marketing@greers.com",29856,"2024-12-04T17:13:59","marketing@greers.com","Manual","🍪 Holiday Savings for Holiday Baking","2024-11-26T19:28:17","",3,17,0,0,182,0,0.2,0,0,0,0,3,0,0,24,0,"","Sent","",0,"","Greers",46237957,"Greers","12.4.24 Email Update for Fairhope","2024-12-05T16:00:00"
13681,"marketing@greers.com",29856,"2024-12-04T17:12:51","marketing@greers.com","Manual","🍪 Holiday Savings for Holiday Baking","2024-11-26T19:28:45","",3,17,1,0,166,0,0.2,0,0,0,0,3,0,0,25,0,"","Sent","",0,"","Greers",46237967,"Greers","12.4.24 Email Update for Hurley","2024-12-05T16:00:00"
13681,"marketing@greers.com",29856,"2024-12-04T17:13:25","marketing@greers.com","Manual","🍪 Holiday Savings for Holiday Baking","2024-11-26T19:28:52","",3,15,0,0,163,0,0.1,0,0,0,0,2,1,0,18,0,"","Sent","",0,"","Greers",46237970,"Greers","12.4.24 Email Update for Greer's St. Louis Market","2024-12-05T16:00:01"
13681,"marketing@greers.com",29856,"2024-12-04T17:14:33","marketing@greers.com","Manual","🍪 Holiday Savings for Holiday Baking","2024-11-26T19:28:59","",1,13,4,0,144,0,0.1,0,0,0,0,1,0,0,16,0,"","Sent","",0,"","Greers",46237973,"Greers","12.4.24 Email Update for Dauphin Island Parkway","2024-12-05T16:00:01"
13681,"marketing@greers.com",29856,"2024-12-04T17:11:03","marketing@greers.com","Manual","🍪 Holiday Savings for Holiday Baking","2024-11-26T19:29:06","",16,50,1,0,602,0,0.3,0,0,0,0,13,0,0,59,0,"","Sent","",0,"","Greers",46237977,"Greers","12.4.24 Email Update for FL CashSavers","2024-12-05T16:00:01"
13681,"marketing@greers.com",29856,"2024-12-04T17:12:12","marketing@greers.com","Manual","🍪 Holiday Savings for Holiday Baking","2024-11-26T19:29:17","",23,40,3,0,459,0,0.4,0,0,0,0,17,0,0,46,0,"","Sent","",0,"","Greers",46237980,"Greers","12.4.24 Email Update for MS CashSavers","2024-12-05T16:00:02"
13681,"marketing@greers.com",29856,"2024-12-04T17:11:35","marketing@greers.com","Manual","🍪 Holiday Savings for Holiday Baking","2024-11-26T19:29:24","",51,164,11,0,2049,0,0.3,0,0,0,0,44,0,0,219,0,"","Sent","",0,"","Greers",46237983,"Greers","12.4.24 Email Update for AL CashSavers","2024-12-05T16:00:02"
13681,"marketing@greers.com",34724,"2024-12-09T16:59:17","marketing@greers.com","Manual","Thank You For Trying Greer's Groceries To Go!","2024-12-09T16:58:38","",0,2,0,0,8,0,0,0,0,0,0,0,0,0,2,0,"","Sent","",0,"","Greers",46518353,"Greers","12.9.24 - GGTG New Customer","2024-12-09T16:59:18"
5190,"marketing@greers.com",34724,"2024-12-09T17:01:03","marketing@greers.com","Manual","How did we do? Complete our survey for a chance to win FREE groceries!","2024-12-09T17:00:29","",11,14,2,0,101,0,0.7,0,0,0,0,10,0,0,17,0,"","Sent","",0,"","Greer's",46518379,"Greer's","Online Shopping Survey - 12.9.24","2024-12-09T17:01:04"
13681,"marketing@greers.com",29856,"2024-12-06T17:26:30","marketing@greers.com","Manual","Bring Hershey's ✨ Magic to Your Holiday 🍪 Treats","2024-12-06T17:05:11","",25,261,13,0,3339,0,0.1,0,0,0,0,22,1,0,321,0,"","Sent","",0,"","Greer's",46451200,"Greer's","12.12.24 Hershey's - Holiday Baking","2024-12-12T12:00:03"
13681,"marketing@greers.com",29856,"2024-12-11T15:35:54","marketing@greers.com","Manual","🎄 Most Wonderful Time of the Year ⛄","2024-12-10T17:38:24","",39,158,8,0,2052,0,0.2,0,0,0,0,33,0,0,218,0,"","Sent","",0,"","Greers",46541922,"Greers","12.11.24 Email Update for AL CashSavers","2024-12-12T16:00:00"
13681,"marketing@greers.com",29856,"2024-12-11T15:36:28","marketing@greers.com","Manual","🎄 Most Wonderful Time of the Year ⛄","2024-12-10T17:38:31","",17,40,3,0,459,0,0.3,0,0,0,0,13,1,0,53,0,"","Sent","",0,"","Greers",46541924,"Greers","12.11.24 Email Update for MS CashSavers","2024-12-12T16:00:01"
13681,"marketing@greers.com",29856,"2024-12-11T15:35:14","marketing@greers.com","Manual","🎄 Most Wonderful Time of the Year ⛄","2024-12-10T17:38:37","",12,51,1,0,605,0,0.2,0,0,0,0,11,1,0,62,0,"","Sent","",0,"","Greers",46541927,"Greers","12.11.24 Email Update for FL CashSavers","2024-12-12T16:00:01"
13681,"marketing@greers.com",29856,"2024-12-11T15:34:40","marketing@greers.com","Manual","🎄 Most Wonderful Time of the Year ⛄","2024-12-10T17:38:46","",1,9,3,0,143,0,0.1,0,0,0,0,1,0,0,21,0,"","Sent","",0,"","Greers",46541931,"Greers","12.11.24 Email Update for Dauphin Island Parkway","2024-12-12T16:00:01"
13681,"marketing@greers.com",29856,"2024-12-11T15:32:11","marketing@greers.com","Manual","🎄 Most Wonderful Time of the Year ⛄","2024-12-10T17:38:53","",1,11,0,0,163,0,0.1,0,0,0,0,1,0,0,15,0,"","Sent","",0,"","Greers",46541933,"Greers","12.11.24 Email Update for Greer's St. Louis Market","2024-12-12T16:00:02"
13681,"marketing@greers.com",29856,"2024-12-11T15:34:00","marketing@greers.com","Manual","🎄 Most Wonderful Time of the Year ⛄","2024-12-10T17:39:00","",5,15,1,0,166,0,0.3,0,0,0,0,5,0,0,26,0,"","Sent","",0,"","Greers",46541936,"Greers","12.11.24 Email Update for Hurley","2024-12-12T16:00:02"
13681,"marketing@greers.com",29856,"2024-12-11T15:33:01","marketing@greers.com","Manual","🎄 Most Wonderful Time of the Year ⛄","2024-12-10T17:39:07","",2,17,0,0,182,0,0.1,0,0,0,0,2,0,0,24,0,"","Sent","",0,"","Greers",46541943,"Greers","12.11.24 Email Update for Fairhope","2024-12-12T16:00:03"
5190,"marketing@greers.com",34724,"2024-12-17T22:28:50","marketing@greers.com","Manual","How did we do? Complete our survey for a chance to win FREE groceries!","2024-12-17T22:28:12","",8,18,0,0,91,0,0.4,0,0,0,0,7,1,0,19,0,"","Sent","",0,"","Greer's",46706126,"Greer's","Online Shopping Survey - 12.16.24","2024-12-17T22:28:51"
13681,"marketing@greers.com",29856,"2024-12-19T15:21:55","marketing@greers.com","Manual","🎄 Merry Christmas from Greer's 🎄","2024-12-12T17:03:41","",1,17,2,0,182,0,0.1,0,0,0,0,1,0,0,23,0,"","Sent","",0,"","Greers",46588226,"Greers","12.18.24 Email Update for Fairhope","2024-12-19T16:00:01"
13681,"marketing@greers.com",29856,"2024-12-19T15:20:23","marketing@greers.com","Manual","🎄 Merry Christmas from Greer's 🎄","2024-12-12T17:03:58","",2,10,1,0,166,0,0.2,0,0,0,0,2,0,0,29,0,"","Sent","",0,"","Greers",46588231,"Greers","12.18.24 Email Update for Hurley","2024-12-19T16:00:02"
13681,"marketing@greers.com",29856,"2024-12-19T15:24:30","marketing@greers.com","Manual","🎄 Merry Christmas from Greer's 🎄","2024-12-12T17:04:05","",6,22,0,0,163,0,0.3,0,0,0,0,6,0,0,29,0,"","Sent","",0,"","Greers",46588237,"Greers","12.18.24 Email Update for Greer's St. Louis Market","2024-12-19T16:00:02"
13681,"marketing@greers.com",29856,"2024-12-19T15:23:10","marketing@greers.com","Manual","🎄 Merry Christmas from Greer's 🎄","2024-12-12T17:04:13","",1,13,3,0,142,0,0.1,0,0,0,0,1,0,0,15,0,"","Sent","",0,"","Greers",46588240,"Greers","12.18.24 Email Update for Dauphin Island Parkway","2024-12-19T16:00:02"
13681,"marketing@greers.com",29856,"2024-12-19T15:15:53","marketing@greers.com","Manual","🎄 Merry Christmas from Greer's 🎄","2024-12-12T17:04:23","",10,60,1,0,607,0,0.1,0,0,1,0,8,1,0,76,0,"","Sent","",0,"","Greers",46588244,"Greers","12.18.24 Email Update for FL CashSavers","2024-12-19T16:00:02"
13681,"marketing@greers.com",29856,"2024-12-19T15:18:39","marketing@greers.com","Manual","🎄 Merry Christmas from Greer's 🎄","2024-12-12T17:04:29","",9,31,2,0,458,0,0.3,0,0,0,0,8,1,0,46,0,"","Sent","",0,"","Greers",46588246,"Greers","12.18.24 Email Update for MS CashSavers","2024-12-19T16:00:03"
13681,"marketing@greers.com",29856,"2024-12-19T15:14:23","marketing@greers.com","Manual","🎄 Merry Christmas from Greer's 🎄","2024-12-12T17:04:35","",44,165,10,0,2052,0,0.2,0,0,0,0,35,0,0,210,0,"","Sent","",0,"","Greers",46588250,"Greers","12.18.24 Email Update for AL CashSavers","2024-12-19T16:00:03"
5190,"marketing@greers.com",34724,"2024-12-23T15:42:14","marketing@greers.com","Manual","How did we do? Complete our survey for a chance to win FREE groceries!","2024-12-23T15:41:43","",6,12,1,0,110,0,0.5,0,0,0,0,6,0,0,14,0,"","Sent","",0,"","Greer's",46824871,"Greer's","Online Shopping Survey - 12.23.24","2024-12-23T15:42:15"
13681,"marketing@greers.com",34724,"2024-12-23T15:50:45","marketing@greers.com","Manual","Thank You For Trying Greer's Groceries To Go!","2024-12-23T15:50:05","",0,1,0,0,9,0,0,0,0,0,0,0,0,0,2,0,"","Sent","",0,"","Greers",46825013,"Greers","12.23.24 - GGTG New Customer","2024-12-23T15:50:46"
13681,"marketing@greers.com",29856,"2024-12-23T22:18:44","marketing@greers.com","Manual","🎉 🎊 Happy New Year from Greer's","2024-12-20T19:52:26","",42,172,9,0,2055,0,0.2,0,0,0,0,34,1,0,229,0,"","Sent","",0,"","Greers",46761395,"Greers","12.25.24 Email Update for AL CashSavers","2024-12-26T16:00:00"
13681,"marketing@greers.com",29856,"2024-12-23T22:17:21","marketing@greers.com","Manual","🎉 🎊 Happy New Year from Greer's","2024-12-20T19:52:43","",23,49,1,0,456,0,0.3,0,0,0,0,17,0,0,61,0,"","Sent","",0,"","Greers",46761403,"Greers","12.25.24 Email Update for MS CashSavers","2024-12-26T16:00:01"
13681,"marketing@greers.com",29856,"2024-12-23T22:14:28","marketing@greers.com","Manual","🎉 🎊 Happy New Year from Greer's","2024-12-20T19:53:10","",13,63,2,0,609,0,0.2,0,0,0,0,12,0,0,71,0,"","Sent","",0,"","Greers",46761411,"Greers","12.25.24 Email Update for FL CashSavers","2024-12-26T16:00:01"
13681,"marketing@greers.com",29856,"2024-12-23T22:21:53","marketing@greers.com","Manual","🎉 🎊 Happy New Year from Greer's","2024-12-20T19:53:23","",4,17,2,0,143,0,0.2,0,0,0,0,3,0,0,21,0,"","Sent","",0,"","Greers",46761416,"Greers","12.25.24 Email Update for Dauphin Island Parkway","2024-12-26T16:00:01"
13681,"marketing@greers.com",29856,"2024-12-23T22:20:02","marketing@greers.com","Manual","🎉 🎊 Happy New Year from Greer's","2024-12-20T19:53:29","",4,13,1,0,163,0,0.2,0,0,0,0,3,1,0,15,0,"","Sent","",0,"","Greers",46761419,"Greers","12.25.24 Email Update for Greer's St. Louis Market","2024-12-26T16:00:02"
13681,"marketing@greers.com",29856,"2024-12-23T22:20:50","marketing@greers.com","Manual","🎉 🎊 Happy New Year from Greer's","2024-12-20T19:53:36","",11,15,0,0,166,0,0.2,0,0,0,0,3,0,0,23,0,"","Sent","",0,"","Greers",46761422,"Greers","12.25.24 Email Update for Hurley","2024-12-26T16:00:02"
13681,"marketing@greers.com",29856,"2024-12-23T22:19:26","marketing@greers.com","Manual","🎉 🎊 Happy New Year from Greer's","2024-12-20T19:53:43","",3,19,1,0,181,0,0.1,0,0,0,0,2,0,0,26,0,"","Sent","",0,"","Greers",46761425,"Greers","12.25.24 Email Update for Fairhope","2024-12-26T16:00:02"
5190,"marketing@greers.com",34724,"2024-12-30T16:57:39","marketing@greers.com","Manual","How did we do? Complete our survey for a chance to win FREE groceries!","2024-12-30T16:56:57","",3,8,1,0,72,0,0.4,0,0,0,0,3,0,0,11,0,"","Sent","",0,"","Greer's",46978878,"Greer's","Online Shopping Survey - 12.30.24","2024-12-30T16:57:40"
13681,"marketing@greers.com",34724,"2024-12-30T17:00:23","marketing@greers.com","Manual","Thank You For Trying Greer's Groceries To Go!","2024-12-30T16:59:42","",0,1,0,0,4,0,0,0,0,0,0,0,0,0,1,0,"","Sent","",0,"","Greers",46978916,"Greers","12.30.24 - GGTG New Customer","2024-12-30T17:00:24"
13681,"marketing@greers.com",29856,"2024-12-31T22:34:27","marketing@greers.com","Manual","🥳. Happy New Year! 🥂","2024-12-27T15:51:47","",3,19,1,0,182,0,0.2,0,0,0,0,3,0,0,21,0,"","Sent","",0,"","Greers",46912621,"Greers","1.1.25 Email Update for Fairhope","2025-01-01T16:00:00"
13681,"marketing@greers.com",29856,"2024-12-31T22:32:08","marketing@greers.com","Manual","🥳. Happy New Year! 🥂","2024-12-27T15:51:53","",5,17,3,0,165,0,0.2,0,0,0,0,4,0,0,35,0,"","Sent","",0,"","Greers",46912624,"Greers","1.1.25 Email Update for Hurley","2025-01-01T16:00:00"
13681,"marketing@greers.com",29856,"2024-12-31T22:38:23","marketing@greers.com","Manual","🥳. Happy New Year! 🥂","2024-12-27T15:51:59","",5,14,1,0,163,0,0.3,0,0,0,0,4,0,0,15,0,"","Sent","",0,"","Greers",46912627,"Greers","1.1.25 Email Update for Greer's St. Louis Market","2025-01-01T16:00:01"
13681,"marketing@greers.com",29856,"2024-12-31T22:37:14","marketing@greers.com","Manual","🥳. Happy New Year! 🥂","2024-12-27T15:52:05","",6,16,2,0,143,0,0.3,0,0,0,0,4,0,0,29,0,"","Sent","",0,"","Greers",46912630,"Greers","1.1.25 Email Update for Dauphin Island Parkway","2025-01-01T16:00:01"
13681,"marketing@greers.com",29856,"2024-12-31T22:40:00","marketing@greers.com","Manual","🥳. Happy New Year! 🥂","2024-12-27T15:52:16","",26,69,4,0,611,0,0.3,0,0,0,0,20,0,0,91,0,"","Sent","",0,"","Greers",46912633,"Greers","1.1.25 Email Update for FL CashSavers","2025-01-01T16:00:01"
13681,"marketing@greers.com",29856,"2024-12-31T22:43:07","marketing@greers.com","Manual","🥳. Happy New Year! 🥂","2024-12-27T15:52:30","",14,39,0,0,455,0,0.3,0,0,0,0,13,0,0,60,0,"","Sent","",0,"","Greers",46912638,"Greers","1.1.25 Email Update for MS CashSavers","2025-01-01T16:00:02"
13681,"marketing@greers.com",29856,"2024-12-31T22:44:26","marketing@greers.com","Manual","🥳. Happy New Year! 🥂","2024-12-27T15:52:51","",54,178,12,0,2054,0,0.3,0,0,0,0,46,0,0,223,0,"","Sent","",0,"","Greers",46912644,"Greers","1.1.25 Email Update for AL CashSavers","2025-01-01T16:00:02"
5190,"marketing@greers.com",34724,"2025-01-06T19:47:43","marketing@greers.com","Manual","How did we do? Complete our survey for a chance to win FREE groceries!","2025-01-06T19:46:47","",13,16,1,0,110,0,0.7,0,0,0,0,11,0,0,25,0,"","Sent","",0,"","Greer's",47136279,"Greer's","Online Shopping Survey - 1.6.25","2025-01-06T19:47:43"
13681,"marketing@greers.com",34724,"2025-01-06T21:17:34","marketing@greers.com","Manual","Thank You For Trying Greer's Groceries To Go!","2025-01-06T21:16:18","",0,2,0,0,9,0,0,0,0,0,0,0,0,0,2,0,"","Sent","",0,"","Greers",47137913,"Greers","1.6.25 - GGTG New Customer","2025-01-06T21:17:35"
13681,"marketing@greers.com",29856,"2025-01-02T22:25:18","marketing@greers.com","Manual","🍇 Bold Flavor with Zero Compromises Starts with Welch’s","2025-01-02T21:21:26","",34,267,9,0,3107,0,0.1,0,0,0,0,29,3,0,317,0,"","Sent","",0,"","Greer's",47051282,"Greer's","1.9.25 Welch's","2025-01-09T12:00:16"
13681,"marketing@greers.com",29856,"2025-01-09T17:34:51","marketing@greers.com","Manual","🍊🥑 What's your healthy choice today?","2025-01-06T18:40:53","",4,19,0,0,165,0,0.2,0,0,0,0,3,0,0,24,0,"","Sent","",0,"","Greers",47135015,"Greers","1.8.25 Email Update for Greer's St. Louis Market","2025-01-09T17:34:52"
13681,"marketing@greers.com",29856,"2025-01-09T17:35:24","marketing@greers.com","Manual","🍊🥑 What's your healthy choice today?","2025-01-06T18:41:11","",5,26,1,0,182,0,0.2,0,0,0,0,5,0,0,27,0,"","Sent","",0,"","Greers",47135030,"Greers","1.8.25 Email Update for Fairhope","2025-01-09T17:35:30"
13681,"marketing@greers.com",29856,"2025-01-09T17:35:59","marketing@greers.com","Manual","🍊🥑 What's your healthy choice today?","2025-01-06T18:41:04","",6,20,1,0,164,0,0.3,0,0,0,0,6,0,0,37,0,"","Sent","",0,"","Greers",47135025,"Greers","1.8.25 Email Update for Hurley","2025-01-09T17:36:00"
13681,"marketing@greers.com",29856,"2025-01-09T17:36:33","marketing@greers.com","Manual","🍊🥑 What's your healthy choice today?","2025-01-06T18:40:45","",0,11,3,0,143,0,0,0,0,0,0,0,0,0,14,0,"","Sent","",0,"","Greers",47135012,"Greers","1.8.25 Email Update for Dauphin Island Parkway","2025-01-09T17:36:34"
13681,"marketing@greers.com",29856,"2025-01-09T17:37:10","marketing@greers.com","Manual","🍊🥑 What's your healthy choice today?","2025-01-06T18:40:30","",9,37,0,0,455,0,0.2,0,0,0,0,9,0,0,48,0,"","Sent","",0,"","Greers",47135006,"Greers","1.8.25 Email Update for MS CashSavers","2025-01-09T17:37:11"
13681,"marketing@greers.com",29856,"2025-01-09T17:37:43","marketing@greers.com","Manual","🍊🥑 What's your healthy choice today?","2025-01-06T18:40:20","",38,148,7,0,2051,0,0.2,0,0,0,0,35,0,0,194,0,"","Sent","",0,"","Greers",47135002,"Greers","1.8.25 Email Update for AL CashSavers","2025-01-09T17:37:44"
13681,"marketing@greers.com",29856,"2025-01-09T17:38:24","marketing@greers.com","Manual","🍊🥑 What's your healthy choice today?","2025-01-06T18:40:38","",21,57,2,0,614,0,0.3,0,0,0,0,16,1,0,76,0,"","Sent","",0,"","Greers",47135009,"Greers","1.8.25 Email Update for FL CashSavers","2025-01-09T17:38:30"
5190,"marketing@greers.com",34724,"2025-01-13T21:19:40","marketing@greers.com","Manual","How did we do? Complete our survey for a chance to win FREE groceries!","2025-01-13T21:19:09","",10,20,2,0,113,0,0.5,0,0,0,0,10,0,0,24,0,"","Sent","",0,"","Greer's",47286066,"Greer's","Online Shopping Survey - 1.13.25","2025-01-13T21:19:41"
13681,"marketing@greers.com",34724,"2025-01-13T21:31:48","marketing@greers.com","Manual","Thank You For Trying Greer's Groceries To Go!","2025-01-13T21:31:13","",0,1,0,0,8,0,0,0,0,0,0,0,0,0,1,0,"","Sent","",0,"","Greers",47286280,"Greers","1.13.25 - GGTG New Customer","2025-01-13T21:31:49"
13681,"marketing@greers.com",29856,"2025-01-16T00:10:46","marketing@greers.com","Manual","🏈 Football Favorites at Greer's","2025-01-11T23:06:43","",8,49,1,0,614,0,0.2,0,0,0,0,8,0,0,57,0,"","Sent","",0,"","Greers",47240356,"Greers","1.15.25 Email Update for FL CashSavers","2025-01-16T16:00:00"
13681,"marketing@greers.com",29856,"2025-01-16T00:11:33","marketing@greers.com","Manual","🏈 Football Favorites at Greer's","2025-01-11T23:06:54","",53,152,8,0,2051,0,0.3,0,0,0,0,43,0,0,197,0,"","Sent","",0,"","Greers",47240360,"Greers","1.15.25 Email Update for AL CashSavers","2025-01-16T16:00:01"
13681,"marketing@greers.com",29856,"2025-01-16T00:12:23","marketing@greers.com","Manual","🏈 Football Favorites at Greer's","2025-01-11T23:07:01","",12,33,0,0,455,0,0.3,0,0,0,0,10,0,0,45,0,"","Sent","",0,"","Greers",47240363,"Greers","1.15.25 Email Update for MS CashSavers","2025-01-16T16:00:01"
13681,"marketing@greers.com",29856,"2025-01-16T00:09:26","marketing@greers.com","Manual","🏈 Football Favorites at Greer's","2025-01-11T23:07:08","",1,12,3,0,145,0,0.1,0,0,0,0,1,0,0,12,0,"","Sent","",0,"","Greers",47240366,"Greers","1.15.25 Email Update for Dauphin Island Parkway","2025-01-16T16:00:02"
13681,"marketing@greers.com",29856,"2025-01-16T00:08:34","marketing@greers.com","Manual","🏈 Football Favorites at Greer's","2025-01-11T23:07:18","",8,16,1,0,164,0,0.3,0,0,0,0,5,0,0,36,0,"","Sent","",0,"","Greers",47240370,"Greers","1.15.25 Email Update for Hurley","2025-01-16T16:00:02"
13681,"marketing@greers.com",29856,"2025-01-15T23:01:11","marketing@greers.com","Manual","🏈 Football Favorites at Greer's","2025-01-11T23:07:26","",2,16,1,0,182,0,0.1,0,0,0,0,2,0,0,19,0,"","Sent","",0,"","Greers",47240373,"Greers","1.15.25 Email Update for Fairhope","2025-01-16T16:00:03"
13681,"marketing@greers.com",29856,"2025-01-16T00:07:41","marketing@greers.com","Manual","🏈 Football Favorites at Greer's","2025-01-11T23:07:34","",6,19,0,0,165,0,0.3,0,0,0,0,6,0,0,21,0,"","Sent","",0,"","Greers",47240376,"Greers","1.15.25 Email Update for Greer's St. Louis Market","2025-01-16T16:00:03"
5190,"marketing@greers.com",34724,"2025-01-20T16:54:26","marketing@greers.com","Manual","How did we do? Complete our survey for a chance to win FREE groceries!","2025-01-20T16:53:57","",11,22,2,0,115,0,0.5,0,0,0,0,10,0,0,26,0,"","Sent","",0,"","Greer's",47427906,"Greer's","Online Shopping Survey - 1.20.25","2025-01-20T16:54:30"
13681,"marketing@greers.com",34724,"2025-01-20T17:17:22","marketing@greers.com","Manual","Thank You For Trying Greer's Groceries To Go!","2025-01-20T17:16:47","",0,4,0,0,9,0,0,0,0,0,0,0,1,0,6,0,"","Sent","",0,"","Greers",47428325,"Greers","1.20.25 - GGTG New Customer","2025-01-20T17:17:23"
13681,"marketing@greers.com",29856,"2025-01-22T22:30:39","marketing@greers.com","Manual","🍳📕 Did you get your ""Lucy Cooks"" cookbook?","2025-01-17T22:55:38","",3,23,0,0,165,0,0.1,0,0,0,0,2,1,0,34,0,"","Sent","",0,"","Greers",47368553,"Greers","1.22.25 Email Update for Greer's St. Louis Market","2025-01-23T16:00:00"
13681,"marketing@greers.com",29856,"2025-01-22T22:31:16","marketing@greers.com","Manual","🍳📕 Did you get your ""Lucy Cooks"" cookbook?","2025-01-17T22:55:44","",3,22,1,0,182,0,0.1,0,0,0,0,3,0,0,37,0,"","Sent","",0,"","Greers",47368555,"Greers","1.22.25 Email Update for Fairhope","2025-01-23T16:00:00"
13681,"marketing@greers.com",29856,"2025-01-22T22:31:42","marketing@greers.com","Manual","🍳📕 Did you get your ""Lucy Cooks"" cookbook?","2025-01-17T22:55:50","",7,26,2,0,164,0,0.2,0,0,0,0,4,0,0,45,0,"","Sent","",0,"","Greers",47368558,"Greers","1.22.25 Email Update for Hurley","2025-01-23T16:00:00"
13681,"marketing@greers.com",29856,"2025-01-22T22:33:01","marketing@greers.com","Manual","🍳📕 Did you get your ""Lucy Cooks"" cookbook?","2025-01-17T22:56:00","",4,19,3,0,147,0,0.1,0,0,0,0,2,0,0,32,0,"","Sent","",0,"","Greers",47368563,"Greers","1.22.25 Email Update for Dauphin Island Parkway","2025-01-23T16:00:01"
13681,"marketing@greers.com",29856,"2025-01-22T22:32:25","marketing@greers.com","Manual","🍳📕 Did you get your ""Lucy Cooks"" cookbook?","2025-01-17T22:56:06","",15,48,1,0,455,0,0.3,0,0,0,0,12,0,0,77,0,"","Sent","",0,"","Greers",47368572,"Greers","1.22.25 Email Update for MS CashSavers","2025-01-23T16:00:01"
13681,"marketing@greers.com",29856,"2025-01-22T22:29:09","marketing@greers.com","Manual","🍳📕 Did you get your ""Lucy Cooks"" cookbook?","2025-01-17T22:56:15","",60,256,7,0,2053,0,0.2,0,0,0,0,51,1,0,386,0,"","Sent","",0,"","Greers",47368578,"Greers","1.22.25 Email Update for AL CashSavers","2025-01-23T16:00:02"
13681,"marketing@greers.com",29856,"2025-01-22T22:29:53","marketing@greers.com","Manual","🍳📕 Did you get your ""Lucy Cooks"" cookbook?","2025-01-17T22:56:22","",20,98,0,0,615,0,0.2,0,0,0,0,17,0,0,141,0,"","Sent","",0,"","Greers",47368581,"Greers","1.22.25 Email Update for FL CashSavers","2025-01-23T16:00:02"
5190,"marketing@greers.com",34724,"2025-01-27T15:53:09","marketing@greers.com","Manual","How did we do? Complete our survey for a chance to win FREE groceries!","2025-01-27T15:52:33","",12,19,1,0,110,0,0.6,0,0,0,0,11,0,0,25,0,"","Sent","",0,"","Greer's",47588875,"Greer's","Online Shopping Survey - 1.27.25","2025-01-27T15:53:10"
13681,"marketing@greers.com",34724,"2025-01-27T15:56:28","marketing@greers.com","Manual","Thank You For Trying Greer's Groceries To Go!","2025-01-27T15:56:00","",0,2,0,0,5,0,0,0,0,0,0,0,0,0,2,0,"","Sent","",0,"","Greers",47588936,"Greers","1.27.25 - GGTG New Customer","2025-01-27T15:56:30"
13681,"marketing@greers.com",29856,"2025-01-23T22:22:28","marketing@greers.com","Manual","Buy $30, get $10 gift card","2025-01-23T22:19:50","",83,334,12,0,3382,0,0.2,0,0,0,0,54,3,0,435,0,"","Sent","",0,"","Greer's",47504029,"Greer's","1.28.25 General Mills - Shop Now","2025-01-28T12:00:08"
13681,"marketing@greers.com",29856,"2025-01-30T14:54:38","marketing@greers.com","Manual","🍽️ What's your favorite recipe?","2025-01-27T19:07:12","",15,81,0,0,615,0,0.2,0,0,0,0,13,1,0,132,0,"","Sent","",0,"","Greers",47592579,"Greers","1.29.25 Email Update for FL CashSavers","2025-01-30T16:00:00"
13681,"marketing@greers.com",29856,"2025-01-30T14:49:41","marketing@greers.com","Manual","🍽️ What's your favorite recipe?","2025-01-27T19:07:18","",49,228,6,0,2049,0,0.1,0,0,0,0,32,0,0,335,0,"","Sent","",0,"","Greers",47592583,"Greers","1.29.25 Email Update for AL CashSavers","2025-01-30T16:00:01"
13681,"marketing@greers.com",29856,"2025-01-30T14:52:58","marketing@greers.com","Manual","🍽️ What's your favorite recipe?","2025-01-27T19:07:24","",10,41,2,0,454,0,0.2,0,0,0,0,9,0,0,71,0,"","Sent","",0,"","Greers",47592586,"Greers","1.29.25 Email Update for MS CashSavers","2025-01-30T16:00:01"
13681,"marketing@greers.com",29856,"2025-01-30T15:02:21","marketing@greers.com","Manual","🍽️ What's your favorite recipe?","2025-01-27T19:07:33","",6,26,2,0,147,0,0.2,0,0,0,0,4,0,0,37,0,"","Sent","",0,"","Greers",47592589,"Greers","1.29.25 Email Update for Dauphin Island Parkway","2025-01-30T16:00:01"
13681,"marketing@greers.com",29856,"2025-01-30T14:58:03","marketing@greers.com","Manual","🍽️ What's your favorite recipe?","2025-01-27T19:07:39","",6,27,1,0,164,0,0.2,0,0,0,0,5,0,0,41,0,"","Sent","",0,"","Greers",47592592,"Greers","1.29.25 Email Update for Hurley","2025-01-30T16:00:02"
13681,"marketing@greers.com",29856,"2025-01-30T15:00:22","marketing@greers.com","Manual","🍽️ What's your favorite recipe?","2025-01-27T19:07:47","",2,20,0,0,182,0,0.1,0,0,0,0,2,0,0,31,0,"","Sent","",0,"","Greers",47592595,"Greers","1.29.25 Email Update for Fairhope","2025-01-30T16:00:02"
13681,"marketing@greers.com",29856,"2025-01-30T14:56:13","marketing@greers.com","Manual","🍽️ What's your favorite recipe?","2025-01-27T19:07:53","",17,17,0,0,164,0,0.2,0,0,0,0,4,0,0,23,0,"","Sent","",0,"","Greers",47592598,"Greers","1.29.25 Email Update for Greer's St. Louis Market","2025-01-30T16:00:02"
5190,"marketing@greers.com",34724,"2025-02-03T15:54:04","marketing@greers.com","Manual","How did we do? Complete our survey for a chance to win FREE groceries!","2025-02-03T15:53:24","",11,17,1,0,89,0,0.5,0,0,0,0,9,0,0,20,0,"","Sent","",0,"","Greer's",47748601,"Greer's","Online Shopping Survey - 2.3.25","2025-02-03T15:54:05"
13681,"marketing@greers.com",34724,"2025-02-03T16:03:16","marketing@greers.com","Manual","Thank You For Trying Greer's Groceries To Go!","2025-02-03T16:02:47","",0,0,0,0,4,0,0,0,0,0,0,0,0,0,0,0,"","Sent","",0,"","Greers",47748824,"Greers","2.3.25 - GGTG New Customer","2025-02-03T16:03:17"
13681,"marketing@greers.com",29856,"2025-01-30T22:25:25","marketing@greers.com","Manual","🏈 Your Post-Game Refuel","2025-01-30T22:20:50","",92,309,10,0,3381,0,0.2,0,0,0,0,77,2,0,369,0,"","Sent","",0,"","Greer's",47665735,"Greer's","2.5.24 Kraft Super Bowl","2025-02-05T12:00:00"
13681,"marketing@greers.com",29856,"2025-01-30T22:28:52","marketing@greers.com","Manual","🏈 Here for the snacks","2025-01-30T22:25:35","",73,305,10,0,3380,0,0.2,0,0,0,0,61,1,0,378,0,"","Sent","",0,"","Greer's",47665820,"Greer's","2.5.24 Hormel Super Bowl","2025-02-05T22:00:00"
13681,"marketing@greers.com",29856,"2025-02-06T01:21:01","marketing@greers.com","Manual","🏈 Big game 💰 Big savings","2025-01-31T22:05:32","",3,13,0,0,164,0,0.2,0,0,0,0,2,0,0,15,0,"","Sent","",0,"","Greers",47688564,"Greers","2.5.25 Email Update for Greer's St. Louis Market","2025-02-06T16:00:01"
13681,"marketing@greers.com",29856,"2025-02-06T01:24:46","marketing@greers.com","Manual","🏈 Big game 💰 Big savings","2025-01-31T22:05:39","",2,24,0,0,182,0,0.1,0,0,0,0,2,0,0,35,0,"","Sent","",0,"","Greers",47688566,"Greers","2.5.25 Email Update for Fairhope","2025-02-06T16:00:02"
13681,"marketing@greers.com",29856,"2025-02-06T01:22:51","marketing@greers.com","Manual","🏈 Big game 💰 Big savings","2025-01-31T22:05:56","",8,16,1,0,163,0,0.4,0,0,0,0,6,2,0,34,0,"","Sent","",0,"","Greers",47688572,"Greers","2.5.25 Email Update for Hurley","2025-02-06T16:00:02"
13681,"marketing@greers.com",29856,"2025-02-06T01:26:44","marketing@greers.com","Manual","🏈 Big game 💰 Big savings","2025-01-31T22:06:10","",3,13,2,0,148,0,0.2,0,0,0,0,2,0,0,17,0,"","Sent","",0,"","Greers",47688584,"Greers","2.5.25 Email Update for Dauphin Island Parkway","2025-02-06T16:00:02"
13681,"marketing@greers.com",29856,"2025-02-06T01:30:11","marketing@greers.com","Manual","🏈 Big game 💰 Big savings","2025-01-31T22:06:20","",15,35,1,0,454,0,0.4,0,0,0,0,13,0,0,55,0,"","Sent","",0,"","Greers",47688588,"Greers","2.5.25 Email Update for MS CashSavers","2025-02-06T16:00:03"
13681,"marketing@greers.com",29856,"2025-02-06T01:28:24","marketing@greers.com","Manual","🏈 Big game 💰 Big savings","2025-01-31T22:06:34","",59,144,9,0,2049,0,0.3,0,0,0,0,38,1,0,188,0,"","Sent","",0,"","Greers",47688593,"Greers","2.5.25 Email Update for AL CashSavers","2025-02-06T16:00:03"
13681,"marketing@greers.com",29856,"2025-02-06T01:36:35","marketing@greers.com","Manual","🏈 Big game 💰 Big savings","2025-01-31T22:06:42","",13,47,0,0,616,0,0.3,0,0,0,0,12,0,0,61,0,"","Sent","",0,"","Greers",47688596,"Greers","2.5.25 Email Update for FL CashSavers","2025-02-06T16:00:04"
5190,"marketing@greers.com",34724,"2025-02-10T20:45:33","marketing@greers.com","Manual","How did we do? Complete our survey for a chance to win FREE groceries!","2025-02-10T20:44:59","",11,23,2,0,105,0,0.4,0,0,0,0,10,0,0,35,0,"","Sent","",0,"","Greer's",47911900,"Greer's","Online Shopping Survey - 2.10.25","2025-02-10T20:45:34"
13681,"marketing@greers.com",34724,"2025-02-10T20:53:30","marketing@greers.com","Manual","Thank You For Trying Greer's Groceries To Go!","2025-02-10T20:52:56","",0,1,0,0,6,0,0,0,0,0,0,0,0,0,1,0,"","Sent","",0,"","Greers",47912049,"Greers","2.10.25 - GGTG New Customer","2025-02-10T20:53:31"
13681,"marketing@greers.com",29856,"2025-02-13T00:58:33","marketing@greers.com","Manual","💕 Happy Valentine's Day from Greer's","2025-02-07T22:12:31","",18,93,0,0,617,0,0.2,0,0,0,0,15,0,0,116,0,"","Sent","",0,"","Greers",47848421,"Greers","2.12.25 Email Update for FL CashSavers","2025-02-13T16:00:00"
13681,"marketing@greers.com",29856,"2025-02-13T01:01:41","marketing@greers.com","Manual","💕 Happy Valentine's Day from Greer's","2025-02-07T22:12:37","",59,245,7,0,2048,0,0.2,0,0,0,0,46,0,0,352,0,"","Sent","",0,"","Greers",47848424,"Greers","2.12.25 Email Update for AL CashSavers","2025-02-13T16:00:01"
13681,"marketing@greers.com",29856,"2025-02-13T00:57:07","marketing@greers.com","Manual","💕 Happy Valentine's Day from Greer's","2025-02-07T22:12:44","",15,36,0,0,454,0,0.3,0,0,0,0,12,0,0,45,0,"","Sent","",0,"","Greers",47848427,"Greers","2.12.25 Email Update for MS CashSavers","2025-02-13T16:00:01"
13681,"marketing@greers.com",29856,"2025-02-13T00:42:52","marketing@greers.com","Manual","💕 Happy Valentine's Day from Greer's","2025-02-07T22:13:02","",11,14,2,0,148,0,0.4,0,0,0,0,5,0,0,27,0,"","Sent","",0,"","Greers",47848432,"Greers","2.12.25 Email Update for Dauphin Island Parkway","2025-02-13T16:00:02"
13681,"marketing@greers.com",29856,"2025-02-13T00:53:03","marketing@greers.com","Manual","💕 Happy Valentine's Day from Greer's","2025-02-07T22:13:10","",4,20,1,0,161,0,0.2,0,0,0,0,4,1,0,41,0,"","Sent","",0,"","Greers",47848436,"Greers","2.12.25 Email Update for Hurley","2025-02-13T16:00:02"
13681,"marketing@greers.com",29856,"2025-02-13T00:54:04","marketing@greers.com","Manual","💕 Happy Valentine's Day from Greer's","2025-02-07T22:13:16","",1,29,0,0,182,0,0,0,0,0,0,1,0,0,43,0,"","Sent","",0,"","Greers",47848438,"Greers","2.12.25 Email Update for Fairhope","2025-02-13T16:00:03"
13681,"marketing@greers.com",29856,"2025-02-13T00:55:31","marketing@greers.com","Manual","💕 Happy Valentine's Day from Greer's","2025-02-07T22:13:24","",5,24,0,0,165,0,0.2,0,0,0,0,4,0,0,32,0,"","Sent","",0,"","Greers",47848441,"Greers","2.12.25 Email Update for Greer's St. Louis Market","2025-02-13T16:00:03"
13681,"marketing@greers.com",41045,"2025-02-20T16:00:13","marketing@greers.com","Manual","⚜️ Bring home a bit of MARDI GRAS","2025-02-17T22:51:12","",7,23,6,0,161,0,0.3,0,0,0,0,6,0,0,39,0,"","Sent","",0,"","Greers",48063521,"Greers","2.20.25 Email Update for Hurley","2025-02-20T16:00:15"
13681,"marketing@greers.com",41045,"2025-02-20T16:00:46","marketing@greers.com","Manual","⚜️ Bring home a bit of MARDI GRAS's","2025-02-17T22:59:55","",8,16,3,0,148,0,0.3,0,0,0,0,4,0,0,31,0,"","Sent","",0,"","Greers",48063663,"Greers","2.19.25 Email Update for Dauphin Island Parkway","2025-02-20T16:00:48"
13681,"marketing@greers.com",41045,"2025-02-20T16:01:23","marketing@greers.com","Manual","⚜️ Bring home a bit of MARDI GRAS","2025-02-17T23:08:11","",14,52,3,0,454,0,0.3,0,0,0,0,13,0,0,73,0,"","Sent","",0,"","Greers",48063800,"Greers","2.19.25 Email Update for MS CashSavers","2025-02-20T16:01:24"
13681,"marketing@greers.com",41045,"2025-02-20T16:02:10","marketing@greers.com","Manual","⚜️ Bring home a bit of MARDI GRAS","2025-02-17T19:51:59","",3,26,1,0,166,0,0.1,0,0,0,0,3,0,0,34,0,"","Sent","",0,"","Greers",48060458,"Greers","2.19.25 Email Update for Greer's St. Louis Market","2025-02-20T16:02:11"
13681,"marketing@greers.com",41045,"2025-02-20T16:02:54","marketing@greers.com","Manual","⚜️ Bring home a bit of MARDI GRAS","2025-02-17T23:24:09","",17,88,6,0,617,0,0.1,0,0,0,0,13,1,0,124,0,"","Sent","",0,"","Greers",48064060,"Greers","2.19.25 Email Update for FL CashSavers","2025-02-20T16:03:00"
13681,"marketing@greers.com",41045,"2025-02-20T16:03:39","marketing@greers.com","Manual","⚜️ Bring home a bit of MARDI GRAS","2025-02-17T23:17:40","",55,267,17,0,2048,0,0.2,0,0,0,0,47,0,0,379,0,"","Sent","",0,"","Greers",48063957,"Greers","2.19.25 Email Update for AL CashSavers","2025-02-20T16:03:40"
13681,"marketing@greers.com",41045,"2025-02-20T16:04:43","marketing@greers.com","Manual","⚜️ Bring home a bit of MARDI GRAS","2025-02-17T22:19:01","",4,29,0,0,182,0,0.1,0,0,0,0,4,0,0,44,0,"","Sent","",0,"","Greers",48062997,"Greers","2.19.25 Email Update for Fairhope","2025-02-20T16:04:44"
5190,"marketing@greers.com",34724,"2025-02-24T15:37:03","marketing@greers.com","Manual","How did we do? Complete our survey for a chance to win FREE groceries!","2025-02-24T15:36:31","",10,29,1,0,162,0,0.3,0,0,0,0,10,0,0,39,0,"","Sent","",0,"","Greer's",48218117,"Greer's","Online Shopping Survey - 2.24.25","2025-02-24T15:37:04"
13681,"marketing@greers.com",34724,"2025-02-24T15:53:33","marketing@greers.com","Manual","Thank You For Trying Greer's Groceries To Go!","2025-02-24T15:52:39","",0,0,0,0,13,0,0,0,0,0,0,0,0,0,0,0,"","Sent","",0,"","Greers",48218398,"Greers","2.24.25 - GGTG New Customer","2025-02-24T15:53:34"
13681,"marketing@greers.com",41045,"2025-02-27T15:55:25","marketing@greers.com","Manual","More for your 💰","2025-02-25T18:23:19","",54,171,11,0,2049,0,0.2,0,0,0,0,40,2,0,234,0,"","Sent","",0,"","Greers",48245841,"Greers AL CashSavers","2.27.25 Email Update for AL CashSavers","2025-02-27T15:55:30"
13681,"marketing@greers.com",41045,"2025-02-27T15:56:18","marketing@greers.com","Manual","More for your 💰","2025-02-25T18:35:01","",10,54,0,0,620,0,0.2,0,0,0,0,10,0,0,67,0,"","Sent","",0,"","Greers",48246048,"Greers FL CashSavers","2.27.25 Email Update for FL CashSavers","2025-02-27T15:56:18"
13681,"marketing@greers.com",41045,"2025-02-27T15:56:57","marketing@greers.com","Manual","More for your 💰","2025-02-25T19:03:02","",3,14,4,0,148,0,0.2,0,0,0,0,3,1,0,25,0,"","Sent","",0,"","Greers",48246593,"Greers Dauphin Island Parkway","2.27.25 Email Update for Dauphin Island Parkway","2025-02-27T15:57:00"
13681,"marketing@greers.com",41045,"2025-02-27T15:57:50","marketing@greers.com","Manual","More for your 💰","2025-02-25T19:10:16","",4,14,1,0,161,0,0.3,0,0,0,0,4,0,0,44,0,"","Sent","",0,"","Greers",48246722,"Greers Hurley","2.27.25 Email Update for Hurley","2025-02-27T15:57:51"
13681,"marketing@greers.com",41045,"2025-02-27T15:58:29","marketing@greers.com","Manual","More for your 💰","2025-02-25T18:55:21","",14,36,1,0,455,0,0.4,0,0,0,0,13,0,0,55,0,"","Sent","",0,"","Greers",48246431,"Greers MS CashSavers","2.27.25 Email Update for MS CashSavers","2025-02-27T15:58:30"
13681,"marketing@greers.com",41045,"2025-02-27T15:59:08","marketing@greers.com","Manual","More for your 💰","2025-02-25T18:48:33","",3,20,0,0,166,0,0.2,0,0,0,0,3,1,0,25,0,"","Sent","",0,"","Greers",48246306,"Greers St. Louis Market","2.27.25 Email Update for Greer's St. Louis Market","2025-02-27T15:59:09"
13681,"marketing@greers.com",41045,"2025-02-27T16:00:16","marketing@greers.com","Manual","More for your 💰","2025-02-25T16:29:48","",4,20,0,0,182,0,0.2,0,0,0,0,4,0,0,26,0,"","Sent","",0,"","Greers",48243632,"Greers Fairhope","2.19.25 Email Update for Fairhope","2025-02-27T16:00:16"
5190,"marketing@greers.com",34724,"2025-03-03T21:52:46","marketing@greers.com","Manual","How did we do? Complete our survey for a chance to win FREE groceries!","2025-03-03T21:46:53","",6,12,0,0,91,0,0.5,0,0,0,0,6,0,0,14,0,"","Sent","",0,"","Greer's",48389187,"Greer's","Online Shopping Survey - 3.3.25","2025-03-03T21:52:47"
13681,"marketing@greers.com",29856,"2025-02-24T23:15:05","marketing@greers.com","Manual","🥣 Waking up is better with Oreo","2025-02-24T22:39:06","",29,159,7,0,1920,0,0.1,0,0,0,0,23,0,0,216,0,"","Sent","",0,"","Greer's",48226045,"Greer's","3.6.25 Post Oreo Puffs","2025-03-05T12:00:01"
13681,"marketing@greers.com",41045,"2025-03-05T23:04:12","marketing@greers.com","Manual","♰ Lent Specials","2025-03-04T21:26:08","",5,17,0,0,183,0,0.2,0,0,0,0,4,0,0,24,0,"","Sent","",0,"","Greers",48413805,"Greers Fairhope","3.5.25 Email Update for Fairhope","2025-03-06T16:00:02"
13681,"marketing@greers.com",41045,"2025-03-05T23:05:23","marketing@greers.com","Manual","♰ Lent Specials","2025-03-05T03:03:19","",4,20,1,0,166,0,0.2,0,0,0,0,4,0,0,28,0,"","Sent","",0,"","Greers",48419626,"Greers St. Louis Market","3.5.25 Email Update for Greer's St. Louis Market","2025-03-06T16:00:02"
13681,"marketing@greers.com",41045,"2025-03-06T15:24:01","marketing@greers.com","Manual","♰ Lent Specials","2025-03-05T03:12:52","",13,40,0,0,454,0,0.3,0,0,0,0,10,1,0,62,0,"","Sent","",0,"","Greers",48419773,"Greers MS CashSavers","3.5.25 Email Update for MS CashSavers","2025-03-06T16:00:03"
13681,"marketing@greers.com",41045,"2025-03-06T15:23:00","marketing@greers.com","Manual","♰ Lent Specials","2025-03-05T03:20:42","",8,19,1,0,161,0,0.3,0,0,0,0,5,0,0,36,0,"","Sent","",0,"","Greers",48419902,"Greers Hurley","3.5.25 Email Update for Hurley","2025-03-06T16:00:03"
13681,"marketing@greers.com",41045,"2025-03-06T15:21:49","marketing@greers.com","Manual","♰ Lent Specials","2025-03-05T03:27:35","",7,15,4,0,147,0,0.3,0,0,0,0,5,0,0,17,0,"","Sent","",0,"","Greers",48420010,"Greers Dauphin Island Parkway","3.5.25 Email Update for Dauphin Island Parkway","2025-03-06T16:00:04"
13681,"marketing@greers.com",41045,"2025-03-06T15:20:03","marketing@greers.com","Manual","♰ Lent Specials","2025-03-05T03:35:12","",14,55,1,0,620,0,0.2,0,0,0,0,10,1,0,70,0,"","Sent","",0,"","Greers",48420135,"Greers FL CashSavers","3.5.25 Email Update for FL CashSavers","2025-03-06T16:00:04"
13681,"marketing@greers.com",41045,"2025-03-06T15:20:57","marketing@greers.com","Manual","♰ Lent Specials","2025-03-05T03:42:30","",55,170,9,0,2046,0,0.3,0,0,0,0,51,2,0,226,0,"","Sent","",0,"","Greers",48420255,"Greers AL CashSavers","3.5.25 Email Update for AL CashSavers","2025-03-06T16:00:04"
5190,"marketing@greers.com",34724,"2025-03-10T21:28:55","marketing@greers.com","Manual","How did we do? Complete our survey for a chance to win FREE groceries!","2025-03-10T21:28:13","",9,16,0,0,96,0,0.6,0,0,0,0,9,0,0,18,0,"","Sent","",0,"","Greer's",48538208,"Greer's","Online Shopping Survey - 3.10.25","2025-03-10T21:29:00"
13681,"marketing@greers.com",29856,"2025-02-24T23:00:01","marketing@greers.com","Manual","🍕Chill out with Nestle","2025-02-24T22:54:58","",50,285,9,0,3377,0,0.1,0,0,0,0,37,2,0,336,0,"","Sent","",0,"","Greer's",48226310,"Greer's","3.13.25 Nestle USA Frozen Food Month","2025-03-12T11:00:04"
13681,"marketing@greers.com",41045,"2025-03-13T20:06:01","marketing@greers.com","Manual","🍀 St. Patrick’s Day is just around the clover!","2025-03-12T20:40:16","",6,16,4,0,146,0,0.3,0,0,0,0,4,0,0,22,0,"","Sent","",0,"","Greers",48571807,"Greers Dauphin Island Parkway","3.12.25 Email Update for Dauphin Island Parkway","2025-03-13T20:06:02"
13681,"marketing@greers.com",41045,"2025-03-13T20:06:50","marketing@greers.com","Manual","🍀 St. Patrick’s Day is just around the clover!","2025-03-12T20:43:58","",4,13,1,0,161,0,0.2,0,0,0,0,3,0,0,26,0,"","Sent","",0,"","Greers",48571863,"Greers Hurley","3.12.25 Email Update for Hurley","2025-03-13T20:06:51"
13681,"marketing@greers.com",41045,"2025-03-13T20:07:53","marketing@greers.com","Manual","🍀 St. Patrick’s Day is just around the clover!","2025-03-12T19:06:34","",55,171,4,0,2045,0,0.2,0,0,0,0,33,1,0,204,0,"","Sent","",0,"","Greers",48570209,"Greers AL CashSavers","3.12.25 Email Update for AL CashSavers","2025-03-13T20:07:54"
13681,"marketing@greers.com",41045,"2025-03-13T20:08:50","marketing@greers.com","Manual","🍀 St. Patrick’s Day is just around the clover!","2025-03-12T20:32:09","",15,65,0,0,618,0,0.2,0,0,0,0,15,0,0,84,0,"","Sent","",0,"","Greers",48571680,"Greers FL CashSavers","3.12.25 Email Update for FL CashSavers","2025-03-13T20:08:51"
13681,"marketing@greers.com",41045,"2025-03-13T20:09:46","marketing@greers.com","Manual","🍀 St. Patrick’s Day is just around the clover!","2025-03-12T20:48:50","",13,40,0,0,453,0,0.3,0,0,0,0,11,1,0,53,0,"","Sent","",0,"","Greers",48571937,"Greers MS CashSavers","3.12.25 Email Update for MS CashSavers","2025-03-13T20:09:47"
13681,"marketing@greers.com",41045,"2025-03-13T20:10:39","marketing@greers.com","Manual","🍀 St. Patrick’s Day is just around the clover!","2025-03-12T20:56:08","",2,22,0,0,183,0,0.1,0,0,0,0,2,0,0,26,0,"","Sent","",0,"","Greers",48572067,"Greers Fairhope","3.12.25 Email Update for Fairhope","2025-03-13T20:10:40"
13681,"marketing@greers.com",41045,"2025-03-13T20:11:35","marketing@greers.com","Manual","🍀 St. Patrick’s Day is just around the clover!","2025-03-12T20:53:44","",6,18,1,0,166,0,0.2,0,0,0,0,4,0,0,25,0,"","Sent","",0,"","Greers",48572023,"Greers St. Louis Market","3.12.25 Email Update for Greer's St. Louis Market","2025-03-13T20:11:36"
5190,"marketing@greers.com",34724,"2025-03-17T14:55:46","marketing@greers.com","Manual","How did we do? Complete our survey for a chance to win FREE groceries!","2025-03-17T14:55:11","",5,11,1,0,81,0,0.4,0,0,0,0,4,0,0,12,0,"","Sent","",0,"","Greer's",48652022,"Greer's","Online Shopping Survey - 3.17.25","2025-03-17T14:55:47"
13681,"marketing@greers.com",41045,"2025-03-20T14:28:06","marketing@greers.com","Manual","🌷Spring into Savings","2025-03-19T16:37:54","",2,15,4,0,146,0,0.1,0,0,0,0,2,0,0,18,0,"","Sent","",0,"","Greers",48685127,"Greers Dauphin Island Parkway","3.19.25 Email Update for Dauphin Island Parkway","2025-03-20T14:28:07"
13681,"marketing@greers.com",41045,"2025-03-20T14:30:44","marketing@greers.com","Manual","🌷Spring into Savings","2025-03-19T16:31:41","",2,19,3,0,161,0,0.1,0,0,0,0,2,0,0,34,0,"","Sent","",0,"","Greers",48685061,"Greers Hurley","3.19.25 Email Update for Hurley","2025-03-20T14:30:45"
13681,"marketing@greers.com",41045,"2025-03-20T14:32:22","marketing@greers.com","Manual","🌷Spring into Savings","2025-03-19T16:18:47","",41,150,10,0,2044,0,0.2,0,0,0,0,34,2,0,200,0,"","Sent","",0,"","Greers",48684823,"Greers AL CashSavers","3.19.25 Email Update for AL CashSavers","2025-03-20T14:32:23"
13681,"marketing@greers.com",41045,"2025-03-20T14:35:56","marketing@greers.com","Manual","🌷Spring into Savings","2025-03-19T16:06:49","",14,54,3,0,620,0,0.2,0,0,0,0,12,2,0,77,0,"","Sent","",0,"","Greers",48684623,"Greers FL CashSavers","3.19.25 Email Update for FL CashSavers","2025-03-20T14:36:00"
13681,"marketing@greers.com",41045,"2025-03-20T14:39:28","marketing@greers.com","Manual","🌷Spring into Savings","2025-03-19T15:44:05","",10,33,1,0,452,0,0.3,0,0,0,0,9,0,0,46,0,"","Sent","",0,"","Greers",48684158,"Greers MS CashSavers","3.19.25 Email Update for MS CashSavers","2025-03-20T14:39:30"
13681,"marketing@greers.com",41045,"2025-03-20T14:43:11","marketing@greers.com","Manual","🌷Spring into Savings","2025-03-19T15:25:18","",0,18,1,0,182,0,0,0,0,0,0,0,0,0,26,0,"","Sent","",0,"","Greers",48683792,"Greers Fairhope","3.19.25 Email Update for Fairhope","2025-03-20T14:43:12"
13681,"marketing@greers.com",41045,"2025-03-20T14:46:40","marketing@greers.com","Manual","🌷Spring into Savings","2025-03-18T23:32:20","",10,16,0,0,165,0,0.3,0,0,0,0,4,0,0,20,0,"","Sent","",0,"","Greers",48673759,"Greers St. Louis Market","3.19.25 Email Update for Greer's St. Louis Market","2025-03-20T14:46:41"
13681,"marketing@greers.com",41045,"2025-03-27T15:14:10","marketing@greers.com","Manual","🧼 Spring clean your 🏀 Bracket?","2025-03-25T20:54:18","",2,14,1,0,182,0,0.1,0,0,0,0,2,0,0,14,0,"","Sent","",0,"","Greers",48764916,"Greers Fairhope","3.26.25 Email Update for Fairhope","2025-03-27T15:14:11"
13681,"marketing@greers.com",41045,"2025-03-27T15:15:31","marketing@greers.com","Manual","🧼 Spring clean your 🏀 Bracket?","2025-03-25T21:35:15","",13,44,1,0,620,0,0.2,0,0,0,0,8,1,0,64,0,"","Sent","",0,"","Greers",48765059,"Greers FL CashSavers","3.26.25 Email Update for FL CashSavers","2025-03-27T15:15:32"
13681,"marketing@greers.com",41045,"2025-03-27T15:16:47","marketing@greers.com","Manual","🧼 Spring clean your 🏀 Bracket?","2025-03-25T22:06:32","",4,18,4,0,146,0,0.2,0,0,0,0,4,0,0,22,0,"","Sent","",0,"","Greers",48765190,"Greers Dauphin Island Parkway","3.26.25 Email Update for Dauphin Island Parkway","2025-03-27T15:16:48"
13681,"marketing@greers.com",41045,"2025-03-27T15:20:46","marketing@greers.com","Manual","🧼 Spring clean your 🏀 Bracket?","2025-03-25T21:46:34","",3,16,1,0,161,0,0.2,0,0,0,0,3,1,0,37,0,"","Sent","",0,"","Greers",48765111,"Greers Hurley","3.26.25 Email Update for Hurley","2025-03-27T15:20:46"
13681,"marketing@greers.com",41045,"2025-03-27T16:04:15","marketing@greers.com","Manual","🧼 Spring clean your 🏀 Bracket?","2025-03-25T21:28:39","",12,27,1,0,452,0,0.4,0,0,0,0,10,0,0,34,0,"","Sent","",0,"","Greers",48765035,"Greers MS CashSavers","3.26.25 Email Update for MS CashSavers","2025-03-27T16:04:16"
13681,"marketing@greers.com",41045,"2025-03-27T16:06:27","marketing@greers.com","Manual","🧼 Spring clean your 🏀 Bracket?","2025-03-25T19:39:11","",6,17,0,0,165,0,0.2,0,0,0,0,4,0,0,24,0,"","Sent","",0,"","Greers",48764644,"Greers St. Louis Market","3.26.25 Email Update for Greer's St. Louis Market","2025-03-27T16:06:30"
13681,"marketing@greers.com",41045,"2025-03-27T16:09:26","marketing@greers.com","Manual","🧼 Spring clean your 🏀 Bracket?","2025-03-25T21:40:14","",35,146,4,0,2042,0,0.2,0,0,0,0,29,1,0,218,0,"","Sent","",0,"","Greers",48765079,"Greers AL CashSavers","3.26.25 Email Update for AL CashSavers","2025-03-27T16:09:30"
5190,"marketing@greers.com",34724,"2025-03-31T16:46:44","marketing@greers.com","Manual","How did we do? Complete our survey for a chance to win FREE groceries!","2025-03-31T16:39:50","",6,15,0,0,83,0,0.4,0,0,0,0,6,0,0,18,0,"","Sent","",0,"","Greer's",48840855,"Greer's","Online Shopping Survey - 3.31.25","2025-03-31T16:46:45"
13681,"marketing@greers.com",41045,"2025-04-03T16:18:53","marketing@greers.com","Manual","🏀 Dunkin' for Deals!","2025-04-02T20:14:07","",4,19,1,0,165,0,0.2,0,0,0,0,4,0,0,22,0,"","Sent","",0,"","Greers",48871130,"Greers St. Louis Market","4.2.25 Email Update for Greer's St. Louis Market","2025-04-03T16:18:54"
13681,"marketing@greers.com",41045,"2025-04-03T16:19:24","marketing@greers.com","Manual","🏀 Dunkin' for Deals!","2025-04-03T00:45:35","",12,32,0,0,453,0,0.3,0,0,0,0,10,0,0,37,0,"","Sent","",0,"","Greers",48871988,"Greers MS CashSavers","4.2.25 Email Update for MS CashSavers","2025-04-03T16:19:30"
13681,"marketing@greers.com",41045,"2025-04-03T16:21:18","marketing@greers.com","Manual","🏀 Dunkin' for Deals!","2025-04-03T01:10:01","",4,17,1,0,161,0,0.2,0,0,0,0,4,0,0,33,0,"","Sent","",0,"","Greers",48872044,"Greers Hurley","4.2.25 Email Update for Hurley","2025-04-03T16:21:20"
13681,"marketing@greers.com",41045,"2025-04-03T16:21:53","marketing@greers.com","Manual","🏀 Dunkin' for Deals!","2025-04-03T01:25:56","",3,14,4,0,146,0,0.1,0,0,0,0,2,0,0,20,0,"","Sent","",0,"","Greers",48872082,"Greers Dauphin Island Parkway","4.2.25 Email Update for Dauphin Island Parkway","2025-04-03T16:21:54"
13681,"marketing@greers.com",41045,"2025-04-03T16:22:32","marketing@greers.com","Manual","🏀 Dunkin' for Deals!","2025-04-03T02:11:20","",13,55,2,0,624,0,0.2,0,0,0,0,10,0,0,64,0,"","Sent","",0,"","Greers",48872170,"Greers FL CashSavers","4.2.25 Email Update for FL CashSavers","2025-04-03T16:22:33"
13681,"marketing@greers.com",41045,"2025-04-03T16:23:19","marketing@greers.com","Manual","🏀 Dunkin' for Deals!","2025-04-03T02:28:00","",3,20,1,0,181,0,0.2,0,0,0,0,3,0,0,23,0,"","Sent","",0,"","Greers",48872204,"Greers Fairhope","4.2.25 Email Update for Fairhope","2025-04-03T16:23:20"
5190,"marketing@greers.com",34724,"2025-04-07T15:33:08","marketing@greers.com","Manual","How did we do? Complete our survey for a chance to win FREE groceries!","2025-04-07T15:32:19","",11,17,0,0,87,0,0.6,0,0,0,0,11,0,0,19,0,"","Sent","",0,"","Greer's",48934965,"Greer's","Online Shopping Survey - 4.7.25","2025-04-07T15:33:08"
13681,"marketing@greers.com",41045,"2025-04-10T17:33:12","marketing@greers.com","Manual","🍓 Save on the flavors of Spring!","2025-04-09T18:29:41","",2,19,1,0,181,0,0.1,0,0,0,0,2,0,0,22,0,"","Sent","",0,"","Greers",48965494,"Greers Fairhope","4.9.25 Email Update for Fairhope","2025-04-10T17:33:13"
13681,"marketing@greers.com",41045,"2025-04-10T18:47:21","marketing@greers.com","Manual","🍓 Save on the flavors of Spring!","2025-04-02T15:31:05","",39,146,4,0,2044,0,0.2,0,0,0,0,31,1,0,205,0,"","Sent","",0,"","Greers",48867170,"Greers AL CashSavers","4.9.25 Email Update for AL CashSavers","2025-04-10T18:47:22"
13681,"marketing@greers.com",41045,"2025-04-10T19:04:15","marketing@greers.com","Manual","🍓 Save on the flavors of Spring!","2025-04-08T20:35:18","",11,13,1,0,166,0,0.5,0,0,0,0,6,1,0,16,0,"","Sent","",0,"","Greers",48951657,"Greers St. Louis Market","4.9.25 Email Update for Greer's St. Louis Market","2025-04-10T19:04:16"
13681,"marketing@greers.com",41045,"2025-04-10T19:04:59","marketing@greers.com","Manual","🍓 Save on the flavors of Spring!","2025-04-09T18:45:43","",18,61,1,0,623,0,0.3,0,0,0,0,17,0,0,81,0,"","Sent","",0,"","Greers",48965557,"Greers FL CashSavers","4.9.25 Email Update for FL CashSavers","2025-04-10T19:05:01"
13681,"marketing@greers.com",41045,"2025-04-10T19:05:33","marketing@greers.com","Manual","🍓 Save on the flavors of Spring!","2025-04-09T18:54:21","",1,16,4,0,147,0,0.1,0,0,0,0,1,0,0,20,0,"","Sent","",0,"","Greers",48965598,"Greers Dauphin Island Parkway","4.9.25 Email Update for Dauphin Island Parkway","2025-04-10T19:05:34"
13681,"marketing@greers.com",41045,"2025-04-10T19:06:15","marketing@greers.com","Manual","🍓 Save on the flavors of Spring!","2025-04-09T19:08:47","",5,15,1,0,161,0,0.3,0,0,0,0,4,0,0,22,0,"","Sent","",0,"","Greers",48965649,"Greers Hurley","4.9.25 Email Update for Hurley","2025-04-10T19:06:16"
13681,"marketing@greers.com",41045,"2025-04-10T19:06:47","marketing@greers.com","Manual","🍓 Save on the flavors of Spring!","2025-04-09T19:14:30","",11,34,0,0,453,0,0.3,0,0,0,0,10,0,0,41,0,"","Sent","",0,"","Greers",48965675,"Greers MS CashSavers","4.9.25 Email Update for MS CashSavers","2025-04-10T19:06:48"
5190,"marketing@greers.com",34724,"2025-04-14T19:18:34","marketing@greers.com","Manual","How did we do? Complete our survey for a chance to win FREE groceries!","2025-04-14T19:17:54","",9,15,0,0,88,0,0.6,0,0,0,0,9,0,0,20,0,"","Sent","",0,"","Greer's",49032821,"Greer's","Online Shopping Survey - 4.14.25","2025-04-14T19:18:35"
13681,"marketing@greers.com",41045,"2025-04-15T19:01:24","marketing@greers.com","Manual","💝🍊 Power with the pink orange","2025-04-15T18:49:13","",43,269,11,0,3384,0,0.1,0,0,0,0,32,2,0,341,0,"","Sent","",0,"","Greer's",49046259,"Greer's","4.16.25 RMN Sunkist - Cara Cara Oranges","2025-04-16T11:00:10"
13681,"marketing@greers.com",41045,"2025-04-17T15:15:41","marketing@greers.com","Manual","🐇🌷 Fill your basket","2025-04-15T21:56:36","",10,32,1,0,454,0,0.3,0,0,0,0,8,0,0,43,0,"","Sent","",0,"","Greers",49047047,"Greers MS CashSavers","4.16.25 Email Update for MS CashSavers","2025-04-17T15:15:43"
13681,"marketing@greers.com",41045,"2025-04-17T15:18:03","marketing@greers.com","Manual","🐇🌷 Fill your basket","2025-04-16T19:10:01","",1,10,4,0,147,0,0.1,0,0,0,0,1,0,0,14,0,"","Sent","",0,"","Greers",49060953,"Greers Dauphin Island Parkway","4.16.25 Email Update for Dauphin Island Parkway","2025-04-17T15:18:04"
13681,"marketing@greers.com",41045,"2025-04-17T15:19:18","marketing@greers.com","Manual","🐇🌷 Fill your basket","2025-04-16T18:39:40","",2,17,1,0,160,0,0.1,0,0,0,0,2,0,0,22,0,"","Sent","",0,"","Greers",49060372,"Greers Hurley","4.16.25 Email Update for Hurley","2025-04-17T15:19:19"
13681,"marketing@greers.com",41045,"2025-04-17T15:20:21","marketing@greers.com","Manual","🐇🌷 Fill your basket","2025-04-17T14:35:03","",6,50,1,0,624,0,0.1,0,0,0,0,5,0,0,64,0,"","Sent","",0,"","Greers",49070314,"Greers FL CashSavers","4.16.25 Email Update for FL CashSavers","2025-04-17T15:20:21"
13681,"marketing@greers.com",41045,"2025-04-17T15:21:18","marketing@greers.com","Manual","🐇🌷 Fill your basket","2025-04-17T14:45:47","",7,18,0,0,166,0,0.2,0,0,0,0,4,0,0,29,0,"","Sent","",0,"","Greers",49070484,"Greers St. Louis Market","4.16.25 Email Update for Greer's St. Louis Market","2025-04-17T15:21:19"
13681,"marketing@greers.com",41045,"2025-04-17T19:19:04","marketing@greers.com","Manual","🐇🌷 Fill your basket","2025-04-17T15:04:53","",1,19,1,0,181,0,0.1,0,0,0,0,1,0,0,20,0,"","Sent","",0,"","Greers",49070836,"Greers Fairhope","4.16.25 Email Update for Fairhope","2025-04-17T19:19:06"
13681,"marketing@greers.com",41045,"2025-04-17T19:19:50","marketing@greers.com","Manual","🐇🌷 Fill your basket","2025-04-17T14:56:58","",41,157,6,0,2041,0,0.2,0,0,0,0,28,0,0,210,0,"","Sent","",0,"","Greers",49070680,"Greers AL CashSavers","4.16.25 Email Update for AL CashSavers","2025-04-17T19:19:51"
13681,"marketing@greers.com",41045,"2025-04-24T14:43:42","marketing@greers.com","Manual","🍓🧀🥬 A taste of Spring","2025-04-23T18:02:40","",11,32,1,0,455,0,0.3,0,0,0,0,11,0,0,47,0,"","Sent","",0,"","Greers",49160228,"Greers MS CashSavers","4.23.25 Email Update for MS CashSavers","2025-04-24T14:43:43"
13681,"marketing@greers.com",41045,"2025-04-24T14:44:24","marketing@greers.com","Manual","🍓🧀🥬 A taste of Spring","2025-04-23T17:27:54","",2,5,3,0,147,0,0.2,0,0,0,0,1,0,0,5,0,"","Sent","",0,"","Greers",49159570,"Greers Dauphin Island Parkway","4.23.25 Email Update for Dauphin Island Parkway","2025-04-24T14:44:30"
13681,"marketing@greers.com",41045,"2025-04-24T14:46:17","marketing@greers.com","Manual","🍓🧀🥬 A taste of Spring","2025-04-23T16:59:34","",6,11,1,0,159,0,0.5,0,0,0,0,5,0,0,17,0,"","Sent","",0,"","Greers",49159055,"Greers Hurley","4.23.25 Email Update for Hurley","2025-04-24T14:46:18"
13681,"marketing@greers.com",41045,"2025-04-24T14:46:58","marketing@greers.com","Manual","🍓🧀🥬 A taste of Spring","2025-04-23T16:46:19","",22,48,1,0,625,0,0.3,0,0,0,0,16,0,0,55,0,"","Sent","",0,"","Greers",49158810,"Greers FL CashSavers","4.23.25 Email Update for FL CashSavers","2025-04-24T14:47:00"
13681,"marketing@greers.com",41045,"2025-04-24T14:48:08","marketing@greers.com","Manual","🍓🧀🥬 A taste of Spring","2025-04-23T15:53:33","",6,18,0,0,166,0,0.2,0,0,0,0,3,0,0,24,0,"","Sent","",0,"","Greers",49157905,"Greers St. Louis Market","4.23.25 Email Update for Greer's St. Louis Market","2025-04-24T14:48:09"
13681,"marketing@greers.com",41045,"2025-04-24T14:48:46","marketing@greers.com","Manual","🍓🧀🥬 A taste of Spring!","2025-04-23T02:45:14","",1,11,1,0,181,0,0.1,0,0,0,0,1,0,0,17,0,"","Sent","",0,"","Greers",49148385,"Greers Fairhope","4.23.25 Email Update for Fairhope","2025-04-24T14:48:47"
13681,"marketing@greers.com",41045,"2025-04-24T14:49:44","marketing@greers.com","Manual","🍓🧀🥬 A taste of Spring","2025-04-23T00:16:04","",47,159,7,0,2041,0,0.2,0,0,0,0,39,0,0,210,0,"","Sent","",0,"","Greers",49148043,"Greers AL CashSavers","4.23.25 Email Update for AL CashSavers","2025-04-24T14:49:45"
5190,"marketing@greers.com",34724,"2025-04-28T14:17:27","marketing@greers.com","Manual","How did we do? Complete our survey for a chance to win FREE groceries!","2025-04-28T14:16:49","",12,22,0,0,140,0,0.5,0,0,0,0,12,0,0,27,0,"","Sent","",0,"","Greer's",49231655,"Greer's","Online Shopping Survey - 4.28.25","2025-04-28T14:17:30"
13681,"marketing@greers.com",41045,"2025-05-01T18:45:25","marketing@greers.com","Manual","🥑 Holy Guacamole!","2025-05-01T17:47:49","",4,24,0,0,159,0,0.2,0,0,0,0,4,0,0,40,0,"","Sent","",0,"","Greers",49282289,"Greers Hurley","4.30.25 Email Update for Hurley","2025-05-01T18:45:30"
13681,"marketing@greers.com",41045,"2025-05-01T18:46:12","marketing@greers.com","Manual","🥑 Holy Guacamole!","2025-05-01T17:33:17","",12,87,2,0,625,0,0.1,0,0,0,0,11,1,0,113,0,"","Sent","",0,"","Greers",49282011,"Greers FL CashSavers","4.30.25 Email Update for FL CashSavers","2025-05-01T18:46:13"
13681,"marketing@greers.com",41045,"2025-05-01T18:47:19","marketing@greers.com","Manual","🥑 Holy Guacamole!","2025-04-29T17:48:14","",31,251,5,0,2040,0,0.1,0,0,0,0,25,2,0,339,0,"","Sent","",0,"","Greers",49250143,"Greers AL CashSavers","4.30.25 Email Update for AL CashSavers","2025-05-01T18:47:20"
13681,"marketing@greers.com",41045,"2025-05-01T18:48:07","marketing@greers.com","Manual","🥑 Holy Guacamole!","2025-05-01T16:41:17","",5,19,1,0,181,0,0.2,0,0,0,0,3,0,0,27,0,"","Sent","",0,"","Greers",49281004,"Greers Fairhope","4.30.25 Email Update for Fairhope","2025-05-01T18:48:08"
13681,"marketing@greers.com",41045,"2025-05-01T18:49:00","marketing@greers.com","Manual","🥑 Holy Guacamole!","2025-05-01T17:11:07","",6,26,0,0,165,0,0.2,0,0,0,0,4,0,0,38,0,"","Sent","",0,"","Greers",49281570,"Greers St. Louis Market","4.30.25 Email Update for Greer's St. Louis Market","2025-05-01T18:49:01"
13681,"marketing@greers.com",41045,"2025-05-01T18:52:24","marketing@greers.com","Manual","🥑 Holy Guacamole!","2025-05-01T18:29:57","",5,36,1,0,454,0,0.1,0,0,0,0,5,0,0,52,0,"","Sent","",0,"","Greers",49283118,"Greers MS CashSavers","4.30.25 Email Update for MS CashSavers","2025-05-01T18:52:30"
13681,"marketing@greers.com",41045,"2025-05-01T18:54:03","marketing@greers.com","Manual","🥑 Holy Guacamole!","2025-05-01T18:10:11","",2,23,3,0,146,0,0.1,0,0,0,0,2,0,0,39,0,"","Sent","",0,"","Greers",49282738,"Greers Dauphin Island Parkway","4.30.25 Email Update for Dauphin Island Parkway","2025-05-01T18:54:04"
5190,"marketing@greers.com",34724,"2025-05-05T13:53:37","marketing@greers.com","Manual","How did we do? Complete our survey for a chance to win FREE groceries!","2025-05-05T13:53:00","",9,16,0,0,88,0,0.6,0,0,0,0,9,0,0,19,0,"","Sent","",0,"","Greer's",49343148,"Greer's","Online Shopping Survey - 5.5.25","2025-05-05T13:53:39"
13681,"marketing@greers.com",41045,"2025-05-08T15:22:24","marketing@greers.com","Manual","💐 Happy Mothers Day!","2025-05-08T15:03:38","",17,52,4,0,624,0,0.3,0,0,0,0,13,0,0,63,0,"","Sent","",0,"","Greers",49390619,"Greers FL CashSavers","5.7.25 Email Update for FL CashSavers","2025-05-08T15:22:30"
13681,"marketing@greers.com",41045,"2025-05-08T15:23:02","marketing@greers.com","Manual","💐 Happy Mothers Day!","2025-05-08T14:51:04","",36,144,12,0,2039,0,0.2,0,0,0,0,28,1,0,200,0,"","Sent","",0,"","Greers",49390350,"Greers AL CashSavers","5.7.25 Email Update for AL CashSavers","2025-05-08T15:23:03"
13681,"marketing@greers.com",41045,"2025-05-08T15:23:45","marketing@greers.com","Manual","💐 Happy Mothers Day!","2025-05-08T14:26:40","",0,18,1,0,181,0,0,0,0,0,0,0,0,0,22,0,"","Sent","",0,"","Greers",49389938,"Greers Fairhope","5.7.25 Email Update for Fairhope","2025-05-08T15:23:46"
13681,"marketing@greers.com",41045,"2025-05-08T15:24:24","marketing@greers.com","Manual","💐 Happy Mothers Day!","2025-05-07T21:12:43","",3,12,2,0,166,0,0.1,0,0,0,0,1,0,0,15,0,"","Sent","",0,"","Greers",49380886,"Greers St. Louis Market","5.7.25 Email Update for Greer's St. Louis Market","2025-05-08T15:24:30"
13681,"marketing@greers.com",41045,"2025-05-08T15:25:07","marketing@greers.com","Manual","💐 Happy Mothers Day!","2025-05-07T19:51:20","",8,27,7,0,453,0,0.3,0,0,0,0,8,1,0,45,0,"","Sent","",0,"","Greers",49380548,"Greers MS CashSavers","5.7.25 Email Update for MS CashSavers","2025-05-08T15:25:09"
13681,"marketing@greers.com",41045,"2025-05-08T15:26:18","marketing@greers.com","Manual","💐 Happy Mothers Day!","2025-05-06T20:35:07","",1,10,5,0,149,0,0.1,0,0,0,0,1,0,0,14,0,"","Sent","",0,"","Greers",49365778,"Greers Dauphin Island Parkway","5.8.25 Email Update for Dauphin Island Parkway","2025-05-08T15:26:19"
13681,"marketing@greers.com",41045,"2025-05-08T19:07:20","marketing@greers.com","Manual","💐 Happy Mothers Day!","2025-05-08T15:14:08","",3,15,4,0,159,0,0.2,0,0,0,0,3,0,0,30,0,"","Sent","",0,"","Greers",49390787,"Greers Hurley","5.7.25 Email Update for Hurley","2025-05-08T19:07:21"
13681,"marketing@greers.com",51142,"2025-05-09T21:24:48","marketing@greers.com","Manual","🥣 Craving something extraordinary?","2025-05-09T21:09:41","",0,267,10,0,3379,0,0,0,0,0,0,0,4,0,307,0,"","Sent","",0,"","Greer's",49410567,"Greer's","5.9.25 RMN Post Honey Bunches of Oats","2025-05-09T23:00:03"
13681,"marketing@greers.com",51142,"2025-05-12T15:26:24","marketing@greers.com","Manual","🐈 Step it up","2025-05-12T15:13:27","",0,231,44,0,3378,0,0,0,0,0,0,0,3,0,278,0,"","Sent","",0,"","Greer's",49450080,"Greer's","5.15.25 RMN Clorox Fresh Step Litter","2025-05-15T11:00:34"
13681,"marketing@greers.com",41045,"2025-05-15T16:30:19","marketing@greers.com","Manual","🌷 Spring Big buys!","2025-05-14T22:30:45","",0,19,1,0,180,0,0,0,0,0,0,0,0,0,20,0,"","Sent","",0,"","Greers",49487020,"Greers Fairhope","5.14.25 Email Update for Fairhope","2025-05-15T16:30:20"
13681,"marketing@greers.com",41045,"2025-05-15T16:31:25","marketing@greers.com","Manual","🌷 Spring Big buys!","2025-05-14T23:10:04","",55,145,7,0,2037,0,0.3,0,0,0,0,39,1,0,187,0,"","Sent","",0,"","Greers",49487129,"Greers AL CashSavers","5.14.25 Email Update for AL CashSavers","2025-05-15T16:31:30"
13681,"marketing@greers.com",41045,"2025-05-15T16:33:51","marketing@greers.com","Manual","🌷 Spring Big buys!","2025-05-14T23:15:34","",15,46,2,0,623,0,0.3,0,0,0,0,13,0,0,63,0,"","Sent","",0,"","Greers",49487146,"Greers FL CashSavers","5.14.25 Email Update for FL CashSavers","2025-05-15T16:33:52"
13681,"marketing@greers.com",41045,"2025-05-15T16:35:04","marketing@greers.com","Manual","🌷 Spring Big buys!","2025-05-14T17:35:13","",0,14,2,0,149,0,0,0,0,0,0,0,0,0,17,0,"","Sent","",0,"","Greers",49483049,"Greers Dauphin Island Parkway","5.14.25 Email Update for Dauphin Island Parkway","2025-05-15T16:35:05"
13681,"marketing@greers.com",41045,"2025-05-15T16:36:22","marketing@greers.com","Manual","🌷 Spring Big buys!","2025-05-14T17:25:50","",4,11,0,0,159,0,0.4,0,0,0,0,4,0,0,14,0,"","Sent","",0,"","Greers",49482889,"Greers Hurley","5.14.25 Email Update for Hurley","2025-05-15T16:36:23"
13681,"marketing@greers.com",41045,"2025-05-15T17:02:13","marketing@greers.com","Manual","🌷 Spring Big buys!","2025-05-14T20:01:46","",4,22,0,0,165,0,0.1,0,0,0,0,2,0,0,29,0,"","Sent","",0,"","Greers",49485368,"Greers St. Louis Market","5.14.25 Email Update for Greer's St. Louis Market","2025-05-15T17:02:14"
13681,"marketing@greers.com",41045,"2025-05-15T17:03:30","marketing@greers.com","Manual","🌷 Spring Big buys!","2025-05-12T22:00:09","",12,32,0,0,451,0,0.3,0,0,0,0,10,0,0,66,0,"","Sent","",0,"","Greers",49454819,"Greers MS CashSavers","5.14.25 Email Update for MS CashSavers","2025-05-15T17:03:31"
13681,"marketing@greers.com",41045,"2025-05-22T20:50:26","marketing@greers.com","Manual","Memorial Day 🇺🇸 Remember and Honor","2025-05-22T19:47:51","",5,30,1,0,180,0,0.1,0,0,0,0,4,0,0,43,0,"","Sent","",0,"","Greers",49622253,"Greers Fairhope","5.21.25 Email Update for Fairhope","2025-05-22T20:50:30"
13681,"marketing@greers.com",41045,"2025-05-22T20:51:41","marketing@greers.com","Manual","Memorial Day 🇺🇸 Remember and Honor","2025-05-22T19:39:24","",58,250,5,0,2037,0,0.2,0,0,0,0,41,2,0,367,0,"","Sent","",0,"","Greers",49622108,"Greers AL CashSavers","5.21.25 Email Update for AL CashSavers","2025-05-22T20:51:42"
13681,"marketing@greers.com",41045,"2025-05-22T20:52:18","marketing@greers.com","Manual","Memorial Day 🇺🇸 Remember and Honor","2025-05-22T19:31:03","",15,79,2,0,624,0,0.2,0,0,0,0,12,1,0,124,0,"","Sent","",0,"","Greers",49621966,"Greers FL CashSavers","5.21.25 Email Update for FL CashSavers","2025-05-22T20:52:19"
13681,"marketing@greers.com",41045,"2025-05-22T20:54:00","marketing@greers.com","Manual","Memorial Day 🇺🇸 Remember and Honor","2025-05-22T19:20:39","",4,25,2,0,149,0,0.1,0,0,0,0,3,0,0,38,0,"","Sent","",0,"","Greers",49621804,"Greers Dauphin Island Parkway","5.21.25 Email Update for Dauphin Island Parkway","2025-05-22T20:54:01"
13681,"marketing@greers.com",41045,"2025-05-22T20:55:46","marketing@greers.com","Manual","Memorial Day 🇺🇸 Remember and Honor","2025-05-22T19:12:48","",6,21,0,0,160,0,0.2,0,0,0,0,4,0,0,37,0,"","Sent","",0,"","Greers",49621693,"Greers Hurley","5.21.25 Email Update for Hurley","2025-05-22T20:55:47"
13681,"marketing@greers.com",41045,"2025-05-22T20:57:08","marketing@greers.com","Manual","Memorial Day 🇺🇸 Remember and Honor","2025-05-22T17:56:54","",6,35,0,0,165,0,0.1,0,0,0,0,4,1,0,43,0,"","Sent","",0,"","Greers",49620591,"Greers St. Louis Market","5.21.25 Email Update for Greer's St. Louis Market","2025-05-22T20:57:09"
13681,"marketing@greers.com",41045,"2025-05-22T20:58:37","marketing@greers.com","Manual","Memorial Day 🇺🇸 Remember and Honor","2025-05-21T04:06:38","",20,44,0,0,451,0,0.3,0,0,0,0,15,0,0,67,0,"","Sent","",0,"","Greers",49592503,"Greers MS CashSavers","5.21.25 Email Update for MS CashSavers","2025-05-22T20:58:38"
13681,"marketing@greers.com",41045,"2025-05-29T19:52:47","marketing@greers.com","Manual","☀️ Hot Buys for Summer Savings!","2025-05-29T17:04:40","",4,17,1,0,180,0,0.2,0,0,0,0,3,0,0,23,0,"","Sent","",0,"","Greers",49732543,"Greers Fairhope","5.28.25 Email Update for Fairhope","2025-05-29T19:52:48"
13681,"marketing@greers.com",41045,"2025-05-29T19:54:14","marketing@greers.com","Manual","☀️ Hot Buys for Summer Savings!","2025-05-29T16:55:06","",46,174,8,0,2037,0,0.2,0,0,0,0,39,1,0,223,0,"","Sent","",0,"","Greers",49732384,"Greers AL CashSavers","5.28.25 Email Update for AL CashSavers","2025-05-29T19:54:15"
13681,"marketing@greers.com",41045,"2025-05-29T19:55:39","marketing@greers.com","Manual","☀️ Hot Buys for Summer Savings!","2025-05-29T16:47:46","",26,51,1,0,624,0,0.3,0,0,0,0,14,0,0,60,0,"","Sent","",0,"","Greers",49732276,"Greers FL CashSavers","5.28.25 Email Update for FL CashSavers","2025-05-29T19:55:40"
13681,"marketing@greers.com",41045,"2025-05-29T19:57:39","marketing@greers.com","Manual","☀️ Hot Buys for Summer Savings!","2025-05-29T16:06:43","",3,11,2,0,149,0,0.3,0,0,0,0,3,0,0,16,0,"","Sent","",0,"","Greers",49731608,"Greers Dauphin Island Parkway","5.28.25 Email Update for Dauphin Island Parkway","2025-05-29T19:57:40"
13681,"marketing@greers.com",41045,"2025-05-29T19:59:20","marketing@greers.com","Manual","☀️ Hot Buys for Summer Savings!","2025-05-29T15:55:28","",8,17,0,0,160,0,0.3,0,0,0,0,5,0,0,48,0,"","Sent","",0,"","Greers",49731432,"Greers Hurley","5.28.25 Email Update for Hurley","2025-05-29T19:59:21"
13681,"marketing@greers.com",41045,"2025-05-29T20:00:16","marketing@greers.com","Manual","☀️ Hot Buys for Summer Savings!","2025-05-29T15:21:36","",4,15,0,0,164,0,0.1,0,0,0,0,2,1,0,16,0,"","Sent","",0,"","Greers",49730977,"Greers St. Louis Market","5.28.25 Email Update for Greer's St. Louis Market","2025-05-29T20:00:17"
13681,"marketing@greers.com",41045,"2025-05-29T20:01:50","marketing@greers.com","Manual","☀️ Hot Buys for Summer Savings!","2025-05-28T15:27:10","",20,35,0,0,451,0,0.5,0,0,0,0,16,0,0,56,0,"","Sent","",0,"","Greers",49712958,"Greers MS CashSavers","5.29.25 Email Update for MS CashSavers","2025-05-29T20:01:51"
5190,"marketing@greers.com",34724,"2025-06-04T19:39:15","marketing@greers.com","Manual","How did we do? Complete our survey for a chance to win FREE groceries!","2025-05-19T19:25:22","",6,15,0,0,84,0,0.4,0,0,0,0,6,1,0,22,0,"","Sent","",0,"","Greer's",49568937,"Greer's","Online Shopping Survey - 5.19.25","2025-06-04T19:39:15"
13681,"marketing@greers.com",41045,"2025-06-06T14:50:36","marketing@greers.com","Manual","☀️ Sunny Day Deals!","2025-06-02T15:46:08","",17,33,0,0,450,0,0.3,0,0,0,0,11,0,0,43,0,"","Sent","",0,"","Greers",49806347,"Greers MS CashSavers","6.4.25 Email Update for MS CashSavers","2025-06-06T14:50:37"
13681,"marketing@greers.com",41045,"2025-06-06T15:23:44","marketing@greers.com","Manual","☀️ Sunny Day Deals!","2025-06-05T18:56:12","",3,15,2,0,149,0,0.2,0,0,0,0,3,0,0,19,0,"","Sent","",0,"","Greers",49866482,"Greers Dauphin Island Parkway","6.4.25 Email Update for Dauphin Island Parkway","2025-06-06T15:23:44"
13681,"marketing@greers.com",41045,"2025-06-06T15:24:32","marketing@greers.com","Manual","☀️ Sunny Day Deals!","2025-06-05T19:06:31","",15,48,2,0,624,0,0.3,0,0,0,0,14,0,0,58,0,"","Sent","",0,"","Greers",49866703,"Greers FL CashSavers","6.4.25 Email Update for FL CashSavers","2025-06-06T15:24:33"
13681,"marketing@greers.com",41045,"2025-06-06T15:25:13","marketing@greers.com","Manual","☀️ Sunny Day Deals!","2025-06-05T21:59:01","",2,20,1,0,181,0,0.1,0,0,0,0,2,0,0,23,0,"","Sent","",0,"","Greers",49869486,"Greers Fairhope","6.4.25 Email Update for Fairhope","2025-06-06T15:25:14"
13681,"marketing@greers.com",41045,"2025-06-06T16:44:37","marketing@greers.com","Manual","☀️ Sunny Day Deals!","2025-06-05T21:52:26","",36,123,6,0,2037,0,0.2,0,0,0,0,27,0,0,154,0,"","Sent","",0,"","Greers",49869380,"Greers AL CashSavers","6.4.25 Email Update for AL CashSavers","2025-06-06T16:44:38"
13681,"marketing@greers.com",41045,"2025-06-06T17:13:42","marketing@greers.com","Manual","☀️ Sunny Day Deals!","2025-06-05T18:48:03","",3,9,0,0,160,0,0.2,0,0,0,0,2,0,0,19,0,"","Sent","",0,"","Greers",49866360,"Greers Hurley","6.4.25 Email Update for Hurley","2025-06-06T17:13:43"
13681,"marketing@greers.com",41045,"2025-06-06T17:15:21","marketing@greers.com","Manual","☀️ Sunny Day Deals!","2025-06-05T18:14:31","",6,16,0,0,164,0,0.3,0,0,0,0,4,0,0,19,0,"","Sent","",0,"","Greers",49865811,"Greers St. Louis Market","6.4.25 Email Update for Greer's St. Louis Market","2025-06-06T17:15:22"
5190,"marketing@greers.com",34724,"2025-06-10T15:50:45","marketing@greers.com","Manual","How did we do? Complete our survey for a chance to win FREE groceries!","2025-06-10T15:49:05","",5,15,1,0,94,0,0.3,0,0,0,0,5,0,0,18,0,"","Sent","",0,"","Greer's",49951744,"Greer's","Online Shopping Survey - 6.9.25","2025-06-10T15:50:46"
13681,"marketing@greers.com",41045,"2025-06-11T17:46:40","marketing@greers.com","Manual","👔 Happy Father's Day!","2025-06-10T15:36:58","",4,16,0,0,160,0,0.3,0,0,0,0,4,0,0,29,0,"","Sent","",0,"","Greers",49951522,"Greers Hurley","6.11.25 Email Update for Hurley","2025-06-12T11:00:02"
13681,"marketing@greers.com",41045,"2025-06-11T17:23:09","marketing@greers.com","Manual","👔 Happy Father's Day!","2025-06-09T21:18:01","",5,17,0,0,164,0,0.2,0,1,0,0,4,0,1,19,0,"","Sent","",0,"","Greers",49936926,"Greers St. Louis Market","6.11.25 Email Update for Greer's St. Louis Market","2025-06-12T11:00:02"
13681,"marketing@greers.com",51142,"2025-06-02T20:22:13","marketing@greers.com","Manual","Smoky Flavors. 🔥 Hearty Ingredients. ❤️","2025-06-02T19:55:11","",0,228,9,0,3379,0,0,0,0,0,0,0,1,0,259,0,"","Sent","",0,"","Greer's",49810874,"Greer's","6.12.25 RMN Progresso Pitmaster - Father's Day","2025-06-12T11:00:10"
13681,"marketing@greers.com",41045,"2025-06-11T16:26:53","marketing@greers.com","Manual","👔 Happy Father's Day!","2025-06-10T19:22:52","",31,122,6,0,2039,0,0.2,0,5,0,0,27,1,5,150,0,"","Sent","",0,"","Greers",49955692,"Greers AL CashSavers","6.11.25 Email Update for AL CashSavers","2025-06-12T15:00:01"
13681,"marketing@greers.com",41045,"2025-06-11T16:19:36","marketing@greers.com","Manual","👔 Happy Father's Day!","2025-06-10T19:31:02","",2,20,1,0,181,0,0.1,0,0,0,0,2,0,0,26,0,"","Sent","",0,"","Greers",49955839,"Greers Fairhope","6.11.25 Email Update for Fairhope","2025-06-12T15:00:02"
13681,"marketing@greers.com",41045,"2025-06-11T16:34:05","marketing@greers.com","Manual","👔 Happy Father's Day!","2025-06-10T19:46:21","",19,52,1,0,625,0,0.3,0,0,0,0,16,1,0,60,0,"","Sent","",0,"","Greers",49956114,"Greers FL CashSavers","6.11.25 Email Update for FL CashSavers","2025-06-12T15:00:02"
13681,"marketing@greers.com",41045,"2025-06-11T19:09:12","marketing@greers.com","Manual","👔 Happy Father's Day!","2025-06-10T20:01:59","",10,37,0,0,450,0,0.3,0,0,0,0,10,0,0,51,0,"","Sent","",0,"","Greers",49956377,"Greers MS CashSavers","6.11.25 Email Update for MS CashSavers","2025-06-12T15:00:02"
5190,"marketing@greers.com",51211,"2025-06-16T19:38:11","marketing@greers.com","Manual","How did we do? Complete our survey for a chance to win FREE groceries!","2025-06-16T19:36:10","",7,16,1,0,99,0,0.4,0,1,0,0,7,0,1,17,0,"","Sent","",0,"","Greer's",50063791,"Greer's","Online Shopping Survey - 6.18.25","2025-06-16T19:38:12"
13681,"marketing@greers.com",41045,"2025-06-19T15:00:38","marketing@greers.com","Manual","Hello 🍉 Summer","2025-06-19T02:33:20","",17,53,1,0,623,0,0.3,0,0,0,0,15,0,0,71,0,"","Sent","",0,"","Greers",50101931,"Greers FL CashSavers","6.19.25 Email Update for FL CashSavers","2025-06-19T15:00:38"
13681,"marketing@greers.com",41045,"2025-06-19T15:01:45","marketing@greers.com","Manual","Hello 🍉 Summer","2025-06-16T15:40:20","",16,32,0,0,450,0,0.4,0,0,0,0,12,0,0,53,0,"","Sent","",0,"","Greers",50059667,"Greers MS CashSavers","6.19.25 Email Update for MS CashSavers","2025-06-19T15:01:46"
13681,"marketing@greers.com",41045,"2025-06-19T15:12:17","marketing@greers.com","Manual","Hello 🍉 Summer","2025-06-19T02:43:13","",4,18,1,0,181,0,0.2,0,0,0,0,4,0,0,23,0,"","Sent","",0,"","Greers",50101967,"Greers Fairhope","6.19.25 Email Update for Fairhope","2025-06-19T15:12:18"
13681,"marketing@greers.com",41045,"2025-06-19T15:41:08","marketing@greers.com","Manual","Hello 🍉 Summer","2025-06-19T15:19:05","",44,149,8,0,2040,0,0.3,0,6,0,0,39,0,6,199,0,"","Sent","",0,"","Greers",50110116,"Greers AL CashSavers","6.18.25 Email Update for AL CashSavers","2025-06-19T15:41:09"
13681,"marketing@greers.com",41045,"2025-06-19T15:51:03","marketing@greers.com","Manual","Hello 🍉 Summer","2025-06-19T15:26:05","",2,17,0,0,163,0,0.1,0,1,0,0,2,1,1,21,0,"","Sent","",0,"","Greers",50110219,"Greers St. Louis Market","6.18.25 Email Update for Greer's St. Louis Market","2025-06-19T15:51:04"
13681,"marketing@greers.com",41045,"2025-06-19T16:12:15","marketing@greers.com","Manual","Hello 🍉 Summer","2025-06-19T15:42:26","",2,14,0,0,160,0,0.1,0,0,0,0,2,0,0,26,0,"","Sent","",0,"","Greers",50110493,"Greers Hurley","6.18.25 Email Update for Hurley","2025-06-19T16:12:16"
13681,"marketing@greers.com",41045,"2025-06-25T18:07:15","marketing@greers.com","Manual","🇺🇸 Happy 4th of July","2025-06-25T17:13:23","",4,19,1,0,181,0,0.2,0,0,0,0,4,0,0,22,0,"","Sent","",0,"","Greers",50222797,"Greers Fairhope","6.25.25 Email Update for Fairhope","2025-06-25T18:07:16"
13681,"marketing@greers.com",41045,"2025-06-25T18:27:02","marketing@greers.com","Manual","🇺🇸 Happy 4th of July","2025-06-25T16:03:08","",4,18,0,0,165,0,0.2,0,1,0,0,4,0,1,20,0,"","Sent","",0,"","Greers",50221605,"Greers St. Louis Market","6.25.25 Email Update for Greer's St. Louis Market","2025-06-26T11:00:03"
13681,"marketing@greers.com",41045,"2025-06-25T18:46:18","marketing@greers.com","Manual","🇺🇸 Happy 4th of July","2025-06-25T17:07:41","",66,169,9,0,2041,0,0.3,0,5,0,0,51,1,5,217,0,"","Sent","",0,"","Greers",50222706,"Greers AL CashSavers","6.25.25 Email Update for AL CashSavers","2025-06-26T11:00:05"
13681,"marketing@greers.com",41045,"2025-06-25T18:30:48","marketing@greers.com","Manual","🇺🇸 Happy 4th of July","2025-06-25T18:08:25","",19,50,1,0,623,0,0.3,0,0,0,0,16,0,0,63,0,"","Sent","",0,"","Greers",50223740,"Greers FL CashSavers","6.25.25 Email Update for FL CashSavers","2025-06-26T11:00:06"
13681,"marketing@greers.com",41045,"2025-06-25T16:09:35","marketing@greers.com","Manual","🇺🇸 Happy 4th of July","2025-06-23T15:13:07","",16,52,0,0,608,0,0.3,0,1,0,0,15,1,1,91,0,"","Sent","",0,"","Greers",50178701,"Greers MS CashSavers","6.25.25 Email Update for MS CashSavers","2025-06-26T15:00:00"
5190,"marketing@greers.com",51211,"2025-06-30T21:29:19","marketing@greers.com","Manual","How did we do? Complete our survey for a chance to win FREE groceries!","2025-06-30T21:24:36","",18,30,1,0,173,0,0.6,0,0,0,0,18,0,0,38,0,"","Sent","",0,"","Greer's",50298570,"Greer's","Online Shopping Survey - 6.30.25","2025-06-30T21:29:20"
13681,"marketing@greers.com",41045,"2025-06-26T19:58:44","marketing@greers.com","Manual","🇺🇸 Celebrate 4th of July 🎡","2025-06-26T16:24:15","",5,16,0,0,165,0,0.2,0,1,0,0,3,0,1,19,0,"","Sent","",0,"","Greers",50240393,"Greers St. Louis Market","7.2.25 Email Update for Greer's St. Louis Market","2025-07-03T11:00:00"
13681,"marketing@greers.com",41045,"2025-06-26T20:02:30","marketing@greers.com","Manual","🇺🇸 Celebrate 4th of July 🎡","2025-06-25T20:07:24","",7,16,1,0,181,0,0.3,0,0,0,0,5,0,0,18,0,"","Sent","",0,"","Greers",50225657,"Greers Fairhope","7.2.25 Email Update for Fairhope","2025-07-03T15:00:02"
13681,"marketing@greers.com",41045,"2025-06-26T20:01:25","marketing@greers.com","Manual","🇺🇸 Celebrate 4th of July 🎡","2025-06-26T15:38:30","",13,47,0,0,607,0,0.2,0,0,0,0,11,0,0,67,0,"","Sent","",0,"","Greers",50239626,"Greers MS CashSavers","7.2.25 Email Update for MS CashSavers","2025-07-03T15:00:02"
13681,"marketing@greers.com",41045,"2025-06-26T20:00:29","marketing@greers.com","Manual","🇺🇸 Celebrate 4th of July 🎡","2025-06-26T16:08:33","",12,50,1,0,624,0,0.2,0,0,0,0,12,0,0,63,0,"","Sent","",0,"","Greers",50240149,"Greers FL CashSavers","7.2.25 Email Update for FL CashSavers","2025-07-03T15:00:03"
13681,"marketing@greers.com",41045,"2025-06-26T19:59:38","marketing@greers.com","Manual","🇺🇸 Celebrate 4th of July 🎡","2025-06-26T16:14:48","",37,136,8,0,2042,0,0.3,0,5,0,0,34,0,5,189,0,"","Sent","",0,"","Greers",50240244,"Greers AL CashSavers","7.2.25 Email Update for AL CashSavers","2025-07-03T15:00:03"
13681,"marketing@greers.com",41045,"2025-06-26T19:57:55","marketing@greers.com","Manual","🇺🇸 Celebrate 4th of July 🎡","2025-06-26T19:23:43","",3,13,2,0,148,0,0.2,0,0,0,0,3,1,0,27,0,"","Sent","",0,"","Greers",50242793,"Greers Dauphin Island Parkway","7.2.25 Email Update for Dauphin Island Parkway","2025-07-03T15:00:04"
5190,"marketing@greers.com",51211,"2025-07-07T20:54:41","marketing@greers.com","Manual","How did we do? Complete our survey for a chance to win FREE groceries!","2025-07-07T20:50:25","",11,19,0,0,104,0,0.6,0,1,0,0,11,0,1,27,0,"","Sent","",0,"","Greer's",50392967,"Greer's","Online Shopping Survey - 7.7.25","2025-07-07T20:54:42"
13681,"marketing@greers.com",41045,"2025-07-10T14:23:58","marketing@greers.com","Manual","🥳 Celebrating 109 years!","2025-07-09T20:07:58","",47,146,10,0,2043,0,0.3,0,6,0,0,43,0,6,185,0,"","Sent","",0,"","Greers",50427160,"Greers AL CashSavers","7.9.25 Email Update for AL CashSavers","2025-07-10T15:00:03"
13681,"marketing@greers.com",41045,"2025-07-10T14:25:15","marketing@greers.com","Manual","🥳 Celebrating 109 years!","2025-07-09T21:15:17","",18,58,1,0,627,0,0.3,0,1,0,0,15,0,1,73,0,"","Sent","",0,"","Greers",50428193,"Greers FL CashSavers","7.9.25 Email Update for FL CashSavers","2025-07-10T15:00:04"
13681,"marketing@greers.com",41045,"2025-07-10T14:28:00","marketing@greers.com","Manual","🥳 Celebrating 109 years!","2025-07-09T21:48:18","",4,22,1,0,181,0,0.1,0,0,0,0,3,0,0,27,0,"","Sent","",0,"","Greers",50428722,"Greers Fairhope","7.9.25 Email Update for Fairhope","2025-07-10T15:00:04"
13681,"marketing@greers.com",41045,"2025-07-10T14:30:38","marketing@greers.com","Manual","🥳 Celebrating 109 years!","2025-07-09T22:02:07","",4,26,0,0,166,0,0.2,0,1,0,0,4,0,1,32,0,"","Sent","",0,"","Greers",50428951,"Greers St. Louis Market","7.9.25 Email Update for Greer's St. Louis Market","2025-07-10T15:00:05"
13681,"marketing@greers.com",41045,"2025-07-09T20:07:31","marketing@greers.com","Manual","Celebrating 109 years!","2025-07-07T22:45:40","",3,13,4,0,148,0,0.2,0,0,0,0,3,0,0,15,0,"","Sent","",0,"","Greers",50394304,"Greers Dauphin Island Parkway","7.9.25 Email Update for Dauphin Island Parkway","2025-07-10T15:00:06"
13681,"marketing@greers.com",41045,"2025-07-10T19:05:40","marketing@greers.com","Manual","🥳 Celebrating 109 years!","2025-07-10T19:00:53","",1,4,0,0,66,0,0.3,0,0,0,0,1,0,0,5,0,"","Sent","",0,"","Greers",50443701,"Greers MS CashSavers","7.9.25 Email Update for MS CashSavers (Quitman)","2025-07-10T19:05:41"
13681,"marketing@greers.com",41045,"2025-07-10T19:08:05","marketing@greers.com","Manual","🥳 Celebrating 109 years!","2025-07-09T21:39:04","",11,45,2,0,545,0,0.2,0,0,0,0,10,0,0,67,0,"","Sent","",0,"","Greers",50428567,"Greers MS CashSavers","7.9.25 Email Update for MS CashSavers (no Quitman)","2025-07-10T19:08:06"
5190,"marketing@greers.com",51211,"2025-07-14T21:53:22","marketing@greers.com","Manual","How did we do? Complete our survey for a chance to win FREE groceries!","2025-07-14T21:52:11","",7,12,6,0,95,0,0.6,0,1,0,0,7,0,1,20,0,"","Sent","",0,"","Greer's",50506674,"Greer's","Online Shopping Survey - 7.14.25","2025-07-14T21:53:23"
13681,"marketing@greers.com",41045,"2025-07-16T16:17:50","marketing@greers.com","Manual","🥳 Celebrating 109 years!","2025-07-14T16:06:09","",19,44,2,0,547,0,0.4,0,1,0,0,17,0,1,64,0,"","Sent","",0,"","Greers",50501612,"Greers MS CashSavers","7.16.25 Email Update for MS CashSavers (no Quitman)","2025-07-17T15:00:00"
13681,"marketing@greers.com",41045,"2025-07-17T14:24:25","marketing@greers.com","Manual","Celebrating 109 years!","2025-07-16T16:44:48","",7,14,4,0,147,0,0.4,0,0,0,0,5,0,0,21,0,"","Sent","",0,"","Greers",50533628,"Greers Dauphin Island Parkway","7.16.25 Email Update for Dauphin Island Parkway","2025-07-17T15:00:00"
13681,"marketing@greers.com",41045,"2025-07-16T19:42:37","marketing@greers.com","Manual","🥳 Celebrating 109 years!","2025-07-16T16:53:56","",3,17,0,0,166,0,0.1,0,1,0,0,2,0,1,22,0,"","Sent","",0,"","Greers",50533772,"Greers St. Louis Market","7.16.25 Email Update for Greer's St. Louis Market","2025-07-17T15:00:01"
13681,"marketing@greers.com",41045,"2025-07-16T19:41:21","marketing@greers.com","Manual","🥳 Celebrating 109 years!","2025-07-16T17:33:19","",5,19,1,0,181,0,0.3,0,0,0,0,5,0,0,21,0,"","Sent","",0,"","Greers",50534391,"Greers Fairhope","7.16.25 Email Update for Fairhope","2025-07-17T15:00:01"
13681,"marketing@greers.com",41045,"2025-07-16T20:05:06","marketing@greers.com","Manual","🥳 Celebrating 109 years!","2025-07-16T17:56:45","",24,54,2,0,628,0,0.4,0,0,0,0,19,1,0,72,0,"","Sent","",0,"","Greers",50534764,"Greers FL CashSavers","7.16.25 Email Update for FL CashSavers","2025-07-17T15:00:02"
13681,"marketing@greers.com",41045,"2025-07-16T20:03:25","marketing@greers.com","Manual","🥳 Celebrating 109 years!","2025-07-16T18:06:50","",40,146,8,0,2045,0,0.2,0,5,0,0,33,2,5,179,0,"","Sent","",0,"","Greers",50534950,"Greers AL CashSavers","7.16.25 Email Update for AL CashSavers","2025-07-17T15:00:02"
5190,"marketing@greers.com",51211,"2025-07-21T21:19:04","marketing@greers.com","Manual","How did we do? Complete our survey for a chance to win FREE groceries!","2025-07-21T21:17:43","",12,17,1,0,105,0,0.7,0,0,0,0,12,0,0,28,0,"","Sent","",0,"","Greer's",50614091,"Greer's","Online Shopping Survey - 7.14.25 (Copy)","2025-07-21T21:19:05"
13681,"marketing@greers.com",41045,"2025-07-23T20:40:35","marketing@greers.com","Manual","🎈 Celebrating 109 years!","2025-07-21T19:09:14","",46,137,7,0,2046,0,0.3,0,6,0,0,39,0,5,181,0,"","Sent","",0,"","Greers",50612275,"Greers AL CashSavers","7.23.25 Email Update for AL CashSavers","2025-07-24T15:00:02"
13681,"marketing@greers.com",41045,"2025-07-24T15:35:22","marketing@greers.com","Manual","🎈 Celebrating 109 years!","2025-07-23T20:41:13","",19,54,2,0,628,0,0.3,0,0,0,0,16,0,0,68,0,"","Sent","",0,"","Greers",50648801,"Greers FL CashSavers","7.24.25 Email Update for FL CashSavers","2025-07-24T15:35:23"
13681,"marketing@greers.com",41045,"2025-07-24T15:55:28","marketing@greers.com","Manual","🎈 Celebrating 109 years!","2025-07-23T21:01:41","",5,18,1,0,181,0,0.2,0,0,0,0,4,0,0,22,0,"","Sent","",0,"","Greers",50649116,"Greers Fairhope","7.23.25 Email Update for Fairhope","2025-07-24T15:55:30"
13681,"marketing@greers.com",41045,"2025-07-24T15:58:49","marketing@greers.com","Manual","🎈 Celebrating 109 years!","2025-07-23T21:13:08","",5,18,0,0,166,0,0.3,0,2,0,0,5,0,1,22,0,"","Sent","",0,"","Greers",50649292,"Greers St. Louis Market","7.24.25 Email Update for Greer's St. Louis Market","2025-07-24T15:58:50"
13681,"marketing@greers.com",41045,"2025-07-24T16:07:45","marketing@greers.com","Manual","🎈 Celebrating 109 years!","2025-07-23T21:25:00","",2,16,2,0,147,0,0.1,0,0,0,0,2,0,0,24,0,"","Sent","",0,"","Greers",50649477,"Greers Dauphin Island Parkway","7.23.25 Email Update for Dauphin Island Parkway","2025-07-24T16:07:46"
13681,"marketing@greers.com",41045,"2025-07-24T18:21:05","marketing@greers.com","Manual","🧐 1Day Sale Correction🎈Celebrating 109 years!","2025-07-24T16:43:19","",75,177,6,0,2045,0,0.3,0,8,0,0,49,0,6,261,0,"","Sent","",0,"","Greers",50659789,"Greers AL CashSavers","7.23.25 Email Update for AL CashSavers (Correction)","2025-07-24T18:21:07"
13681,"marketing@greers.com",51142,"2025-07-23T19:11:24","marketing@greers.com","Manual","Snack's on us! 🍪","2025-07-23T19:04:02","",0,40,11,0,3392,0,0,0,0,0,0,0,1,0,45,0,"","Sent","",0,"","Greer's",50647219,"Greer's","7.31.25 RMN General Mills - Back to School","2025-07-31T12:00:13"
13681,"marketing@greers.com",41045,"2025-07-31T14:40:28","marketing@greers.com","Manual","🚌 Back to School Savings!","2025-07-29T21:59:21","",0,6,3,0,148,0,0,0,0,0,0,0,0,0,6,0,"","Sent","",0,"","Greers",50734974,"Greers Dauphin Island Parkway","7.30.25 Email Update for Dauphin Island Parkway","2025-07-31T14:40:30"
13681,"marketing@greers.com",41045,"2025-07-31T15:58:15","marketing@greers.com","Manual","🚌 Back to School Savings!","2025-07-31T14:42:15","",2,4,0,0,166,0,0.3,0,1,0,0,1,0,1,7,0,"","Sent","",0,"","Greers",50749890,"Greers St. Louis Market","7.30.25 Email Update for Greer's St. Louis Market","2025-07-31T15:58:16"
13681,"marketing@greers.com",41045,"2025-07-31T16:14:00","marketing@greers.com","Manual","Ad link correction 🚌 Back to School Savings!","2025-07-31T16:11:21","",0,4,3,0,148,0,0,0,0,0,0,0,0,0,6,0,"","Sent","",0,"","Greers",50750671,"Greers Dauphin Island Parkway","7.30.25 Email Update for Dauphin Island Parkway (Correction)","2025-07-31T16:14:01"
13681,"marketing@greers.com",41045,"2025-07-31T23:10:31","marketing@greers.com","Manual","🚌 Back to School Savings!","2025-07-31T18:10:01","",0,0,0,0,66,0,0,0,0,0,0,0,0,0,0,0,"","Sent","",0,"","Greers",50751965,"Greers Quitman MS CashSavers","7.30.25 Email Update for MS CashSavers (Quitman)","2025-07-31T23:10:32"
13681,"marketing@greers.com",41045,"2025-07-31T23:11:27","marketing@greers.com","Manual","🚌 Back to School Savings!","2025-07-31T17:49:51","",4,7,2,0,546,0,0.6,0,0,0,0,4,1,0,17,0,"","Sent","",0,"","Greers",50751695,"Greers MS CashSavers","7.30.25 Email Update for MS CashSavers (no Quitman)","2025-07-31T23:11:30"
13681,"marketing@greers.com",41045,"2025-07-31T23:13:24","marketing@greers.com","Manual","🚌 Back to School Savings!","2025-07-31T16:30:17","",3,4,1,0,628,0,0.8,0,0,0,0,3,0,0,5,0,"","Sent","",0,"","Greers",50750832,"Greers FL CashSavers","7.30.25 Email Update for FL CashSavers","2025-07-31T23:13:30"
13681,"marketing@greers.com",41045,"2025-07-31T23:16:57","marketing@greers.com","Manual","🚌 Back to School Savings!","2025-07-31T16:15:31","",6,24,4,0,2048,0,0.2,0,5,0,0,5,0,5,37,0,"","Sent","",0,"","Greers",50750710,"Greers AL CashSavers","7.30.25 Email Update for AL CashSavers","2025-07-31T23:17:00"
13681,"marketing@greers.com",41045,"2025-07-31T23:19:15","marketing@greers.com","Manual","🚌 Back to School Savings!","2025-07-31T15:04:20","",0,2,0,0,180,0,0,0,0,0,0,0,0,0,2,0,"","Sent","",0,"","Greers",50750107,"Greers Fairhope","7.30.25 Email Update for Fairhope","2025-07-31T23:19:16"
5190,"marketing@greers.com",51211,"2025-08-05T14:30:05","marketing@greers.com","Manual","How did we do? Complete our survey for a chance to win FREE groceries!","2025-08-05T14:28:51","",13,21,0,0,149,0,0.6,0,0,0,0,13,0,0,27,0,"","Sent","",0,"","Greer's",50816562,"Greer's","Online Shopping Survey - 8.5.25","2025-08-05T14:30:06"
13681,"marketing@greers.com",51142,"2025-08-05T18:12:38","marketing@greers.com","Manual","Kill Germs, Not Vibes This School Year 🧼","2025-08-05T18:08:56","",0,209,9,0,3392,0,0,0,0,0,0,0,1,0,237,0,"","Sent","",0,"","Greer's",50820499,"Greer's","8.7.25 - RMN Clorox - Back-to-School","2025-08-07T12:00:06"
13681,"marketing@greers.com",41045,"2025-08-07T14:58:58","marketing@greers.com","Manual","📓 RU Ready? - Back to School","2025-08-05T15:45:06","",1,18,0,0,180,0,0.1,0,0,0,0,1,0,0,29,0,"","Sent","",0,"","Greers",50817958,"Greers Fairhope","8.6.25 Email Update for Fairhope","2025-08-07T14:59:00"
13681,"marketing@greers.com",41045,"2025-08-07T18:10:36","marketing@greers.com","Manual","🎒 RU Ready? - Back to School","2025-08-07T14:23:54","",14,33,1,0,545,0,0.4,0,0,0,0,12,0,0,54,0,"","Sent","",0,"","Greers",50848376,"Greers MS CashSavers","8.6.25 Email Update for MS CashSavers (no Quitman)","2025-08-07T18:10:37"
13681,"marketing@greers.com",41045,"2025-08-07T18:11:12","marketing@greers.com","Manual","🎒 RU Ready? - Back to School","2025-08-07T14:47:14","",10,11,3,0,148,0,0.5,0,0,0,0,5,0,0,12,0,"","Sent","",0,"","Greers",50848651,"Greers Dauphin Island Parkway","8.6.25 Email Update for Dauphin Island Parkway","2025-08-07T18:11:13"
13681,"marketing@greers.com",41045,"2025-08-07T18:11:44","marketing@greers.com","Manual","🎒 RU Ready? - Back to School","2025-08-07T14:38:18","",6,16,0,0,166,0,0.3,0,1,0,0,4,1,1,21,0,"","Sent","",0,"","Greers",50848530,"Greers St. Louis Market","8.6.25 Email Update for Greer's St. Louis Market","2025-08-07T18:11:45"
13681,"marketing@greers.com",41045,"2025-08-07T18:12:29","marketing@greers.com","Manual","🎒 RU Ready? - Back to School","2025-08-07T14:30:58","",3,3,0,0,66,0,1,0,0,0,0,3,0,0,3,0,"","Sent","",0,"","Greers",50848446,"Greers Quitman MS CashSavers","8.6.25 Email Update for MS CashSavers (Quitman)","2025-08-07T18:12:30"
13681,"marketing@greers.com",41045,"2025-08-07T18:13:32","marketing@greers.com","Manual","🎒 RU Ready? - Back to School","2025-08-07T14:17:13","",20,49,1,0,629,0,0.3,0,0,0,0,17,1,0,54,0,"","Sent","",0,"","Greers",50848321,"Greers FL CashSavers","8.6.25 Email Update for FL CashSavers","2025-08-07T18:13:33"
13681,"marketing@greers.com",41045,"2025-08-07T18:14:04","marketing@greers.com","Manual","🎒 RU Ready? - Back to School","2025-08-07T14:08:08","",29,146,5,0,2047,0,0.1,0,6,0,0,21,0,5,185,0,"","Sent","",0,"","Greers",50848212,"Greers AL CashSavers","8.6.25 Email Update for AL CashSavers","2025-08-07T18:14:05"
5190,"marketing@greers.com",51211,"2025-08-11T17:01:27","marketing@greers.com","Manual","How did we do? Complete our survey for a chance to win FREE groceries!","2025-08-11T16:58:37","",12,13,0,0,90,0,0.7,0,0,0,0,9,0,0,17,0,"","Sent","",0,"","Greer's",50902036,"Greer's","Online Shopping Survey - 8.11.25","2025-08-11T17:01:28"
13681,"marketing@greers.com",51142,"2025-08-11T15:31:58","marketing@greers.com","Manual","Our Standards Raise Expectations.","2025-08-11T15:22:06","",23,255,15,0,3381,0,0.1,0,0,0,0,21,3,0,298,0,"","Sent","",0,"","Greer's",50900761,"Greer's","8.14.25 RMN - Prairie Fresh Signature","2025-08-14T12:00:13"
13681,"marketing@greers.com",41045,"2025-08-15T15:33:56","marketing@greers.com","Manual","⛱️ End of Summer Sale","2025-08-13T14:57:33","",4,20,0,0,166,0,0.2,0,2,0,0,4,1,1,25,0,"","Sent","",0,"","Greers",50925530,"Greers St. Louis Market","8.13.25 Email Update for Greer's St. Louis Market","2025-08-15T15:34:00"
13681,"marketing@greers.com",41045,"2025-08-15T15:45:46","marketing@greers.com","Manual","⛱️ End of Summer Sale","2025-08-13T15:16:48","",5,20,0,0,180,0,0.3,0,0,0,0,5,0,0,23,0,"","Sent","",0,"","Greers",50925945,"Greers Fairhope","8.13.25 Email Update for Fairhope","2025-08-15T15:45:47"
13681,"marketing@greers.com",41045,"2025-08-15T15:46:35","marketing@greers.com","Manual","⛱️ End of Summer Sale","2025-08-13T15:09:46","",14,39,1,0,543,0,0.3,0,0,0,0,12,0,0,49,0,"","Sent","",0,"","Greers",50925803,"Greers MS CashSavers","8.13.25 Email Update for MS CashSavers (no Quitman)","2025-08-15T15:46:36"
13681,"marketing@greers.com",41045,"2025-08-15T15:47:40","marketing@greers.com","Manual","⛱️ End of Summer Sale","2025-08-13T15:03:36","",4,17,2,0,148,0,0.2,0,0,0,0,4,0,0,20,0,"","Sent","",0,"","Greers",50925691,"Greers Dauphin Island Parkway","8.13.25 Email Update for Dauphin Island Parkway","2025-08-15T15:47:41"
13681,"marketing@greers.com",41045,"2025-08-15T15:48:45","marketing@greers.com","Manual","⛱️ End of Summer Sale","2025-08-13T14:43:05","",17,60,1,0,629,0,0.3,0,0,0,0,16,0,0,70,0,"","Sent","",0,"","Greers",50925282,"Greers FL CashSavers","8.13.25 Email Update for FL CashSavers","2025-08-15T15:48:46"
13681,"marketing@greers.com",41045,"2025-08-15T18:29:14","marketing@greers.com","Manual","⛱️ End of Summer Sale","2025-08-13T14:50:09","",6,6,0,0,66,0,0.8,0,0,0,0,5,0,0,7,0,"","Sent","",0,"","Greers",50925393,"Greers Quitman MS CashSavers","8.13.25 Email Update for MS CashSavers (Quitman)","2025-08-15T18:29:15"
5190,"marketing@greers.com",51211,"2025-08-18T20:47:11","marketing@greers.com","Manual","How did we do? Complete our survey for a chance to win FREE groceries!","2025-08-18T20:37:38","",7,12,0,0,86,0,0.6,0,0,0,0,7,0,0,15,0,"","Sent","",0,"","Greer's",50988242,"Greer's","Online Shopping Survey - 8.18.25","2025-08-18T20:47:12"
13681,"marketing@greers.com",41045,"2025-08-22T14:12:45","marketing@greers.com","Manual","🌭 End of Summer Savings","2025-08-20T03:24:50","",53,149,8,0,2049,0,0.2,0,8,0,0,35,3,6,193,0,"","Sent","",0,"","Greers",51002306,"Greers AL CashSavers","8.20.25 Email Update for AL CashSavers","2025-08-22T14:12:46"
13681,"marketing@greers.com",41045,"2025-08-22T14:13:39","marketing@greers.com","Manual","🌭 End of Summer Savings","2025-08-20T03:16:14","",2,16,0,0,166,0,0.1,0,2,0,0,2,0,1,20,0,"","Sent","",0,"","Greers",51002287,"Greers St. Louis Market","8.20.25 Email Update for Greer's St. Louis Market","2025-08-22T14:13:40"
13681,"marketing@greers.com",41045,"2025-08-22T14:14:18","marketing@greers.com","Manual","🌭 End of Summer Savings","2025-08-20T03:10:40","",3,19,1,0,180,0,0.1,0,0,0,0,1,0,0,20,0,"","Sent","",0,"","Greers",51002265,"Greers Fairhope","8.20.25 Email Update for Fairhope","2025-08-22T14:14:19"
13681,"marketing@greers.com",41045,"2025-08-22T14:15:00","marketing@greers.com","Manual","🌭 End of Summer Savings","2025-08-20T03:04:08","",19,43,1,0,544,0,0.4,0,0,0,0,16,0,0,61,0,"","Sent","",0,"","Greers",51002250,"Greers MS CashSavers","8.20.25 Email Update for MS CashSavers (no Quitman)","2025-08-22T14:15:01"
13681,"marketing@greers.com",41045,"2025-08-22T14:15:48","marketing@greers.com","Manual","🌭 End of Summer Savings","2025-08-20T02:57:29","",3,9,2,0,148,0,0.3,0,0,0,0,3,0,0,10,0,"","Sent","",0,"","Greers",51002235,"Greers Dauphin Island Parkway","8.20.25 Email Update for Dauphin Island Parkway","2025-08-22T14:15:49"
13681,"marketing@greers.com",41045,"2025-08-22T14:16:53","marketing@greers.com","Manual","🌭 End of Summer Savings","2025-08-20T02:48:20","",16,49,1,0,629,0,0.3,0,0,0,0,15,1,0,61,0,"","Sent","",0,"","Greers",51002212,"Greers FL CashSavers","8.20.25 Email Update for FL CashSavers","2025-08-22T14:16:54"
13681,"marketing@greers.com",41045,"2025-08-22T14:17:46","marketing@greers.com","Manual","🍉 End of Summer Savings","2025-08-18T21:18:50","",4,7,0,0,66,0,0.4,0,1,0,0,3,1,1,7,0,"","Sent","",0,"","Greers",50988511,"Greers Quitman MS CashSavers","8.20.25 Email Update for MS CashSavers (Quitman) 6640","2025-08-22T14:17:47"
13681,"marketing@greers.com",51142,"2025-08-20T18:38:46","marketing@greers.com","Manual","Try More Tasty Ways to Ranch 😋","2025-08-13T20:51:51","",0,231,11,0,3257,0,0,0,0,0,0,0,2,0,290,0,"","Sent","",0,"","Greer's",50929233,"Greer's","8.26.25 - RMN Clorox - Hidden Valley Ranch","2025-08-26T12:00:03"
5190,"marketing@greers.com",51211,"2025-09-02T17:26:07","marketing@greers.com","Manual","How did we do? Complete our survey for a chance to win FREE groceries!","2025-09-02T17:25:22","",12,24,4,0,162,0,0.5,0,0,0,0,11,0,0,33,0,"","Sent","",0,"","Greer's",51154812,"Greer's","Online Shopping Survey - 9.2.25","2025-09-02T17:26:08"
13681,"marketing@greers.com",51142,"2025-08-28T17:02:47","marketing@greers.com","Manual","Make Every Meal Special with Milo’s 🍋","2025-08-28T16:59:57","",0,253,14,0,3256,0,0,0,0,1,0,0,2,0,292,0,"","Sent","",0,"","Greer's",51102781,"Greer's","9.4.25 - RMN Milo's","2025-09-04T13:00:07"
5190,"marketing@greers.com",51211,"2025-09-08T16:44:23","marketing@greers.com","Manual","How did we do? Complete our survey for a chance to win FREE groceries!","2025-09-08T16:43:13","",9,19,0,0,92,0,0.5,0,0,0,0,9,0,0,21,0,"","Sent","",0,"","Greer's",51215164,"Greer's","Online Shopping Survey - 9.8.25","2025-09-08T16:44:23"
13681,"marketing@greers.com",51142,"2025-09-08T16:03:25","marketing@greers.com","Manual","Busy mornings? We’ve got a flavorful solution. 🥣","2025-09-08T15:51:13","",0,241,17,0,3256,0,0,0,0,0,0,0,1,0,289,0,"","Sent","",0,"","Greer's",51214785,"Greer's","9.9.25 - RMN Post (Back to School)","2025-09-09T12:00:04"
5190,"marketing@greers.com",51211,"2025-09-15T21:48:56","marketing@greers.com","Manual","How did we do? Complete our survey for a chance to win FREE groceries!","2025-09-15T21:47:50","",4,15,1,0,86,0,0.3,0,0,0,0,4,0,0,20,0,"","Sent","",0,"","Greer's",51290614,"Greer's","Online Shopping Survey - 9.15.25","2025-09-15T21:49:00"
13681,"marketing@greers.com",51142,"2025-09-15T19:26:31","marketing@greers.com","Manual","Kraft Mac & Cheese—Now in a Bigger 11oz Box! 🧀","2025-09-15T19:23:37","",0,254,23,0,3259,0,0,0,0,0,0,0,3,0,309,0,"","Sent","",0,"","Greer's",51289599,"Greer's","9.16.25 RMN - Kraft Heinz Family Meals Month","2025-09-16T12:00:09"
13681,"marketing@greers.com",51142,"2025-09-17T17:30:17","marketing@greers.com","Manual","Quick Weeknight Enchiladas with Old El Paso! 🌮","2025-09-17T17:23:51","",30,248,28,0,3255,0,0.1,0,0,0,0,26,2,0,298,0,"","Sent","",0,"","Greer's",51312579,"Greer's","9.18.25 RMN - General Mills Family Meals Month","2025-09-18T12:00:04"
5190,"marketing@greers.com",51211,"2025-09-22T19:31:44","marketing@greers.com","Manual","How did we do? Complete our survey for a chance to win FREE groceries!","2025-09-22T19:31:04","",2,5,859,0,2569,0,0.4,1672,0,0,0,2,0,0,6,0,"","Sent","",0,"","Greer's",51380662,"Greer's","Online Shopping Survey - 9.22.25","2025-09-22T19:31:45"
5190,"marketing@greers.com",51211,"2025-09-22T22:11:19","marketing@greers.com","Manual","How did we do? Complete our survey for a chance to win FREE groceries!","2025-09-22T22:10:43","",8,17,1,0,93,0,0.4,0,0,0,0,7,0,0,22,0,"","Sent","",0,"","Greer's",51382510,"Greer's","Online Shopping Survey - 9.22.25 (b)","2025-09-22T22:11:20"
13681,"marketing@greers.com",51142,"2025-09-17T20:53:54","marketing@greers.com","Manual","Barbie™ just got sweeter! 🍰","2025-09-17T20:34:25","",0,268,28,0,3252,0,0,0,0,0,0,0,0,0,323,0,"","Sent","",0,"","Greer's",51314803,"Greer's","9.23.25 RMN - Cafe Valley","2025-09-23T12:00:07"
5190,"marketing@greers.com",51211,"2025-10-07T23:06:21","marketing@greers.com","Manual","How did we do? Complete our survey for a chance to win FREE groceries!","2025-10-07T23:05:28","",11,23,1,0,137,0,0.4,0,0,0,0,10,0,0,26,0,"","Sent","",0,"","Greer's",51577486,"Greer's","Online Shopping Survey - 10.7.25","2025-10-07T23:06:22"
5190,"marketing@greers.com",51211,"2025-10-13T17:50:06","marketing@greers.com","Manual","How did we do? Complete our survey for a chance to win FREE groceries!","2025-10-13T17:49:33","",1,8,0,0,81,0,0.1,0,0,0,0,1,0,0,9,0,"","Sent","",0,"","Greer's",51646219,"Greer's","Online Shopping Survey - 10.13.25","2025-10-13T17:50:07"
13681,"marketing@greers.com",51142,"2025-10-13T15:59:26","marketing@greers.com","Manual","🏈 Touchdown Snacks: Totino’s, Pillsbury & Chex Mix Inside","2025-10-13T15:56:06","",0,269,37,0,3266,0,0,0,0,0,0,0,0,0,300,0,"","Sent","",0,"","Greer's",51644453,"Greer's","10.16.25 RMN - General Mills Game Day","2025-10-16T12:00:06"
13681,"marketing@greers.com",51142,"2025-10-15T19:04:31","marketing@greers.com","Manual","Make Breakfast Better with Honey Bunches of Oats 🍯","2025-10-15T19:01:56","",0,217,20,0,3262,0,0,0,0,0,0,0,0,0,251,0,"","Sent","",0,"","Greer's",51669990,"Greer's","10.21.25 RMN - Post HBO","2025-10-21T12:00:04"
